index,class,text,ethnic_keyword,name,class_luis
480,0,"Matured Christians never make a fool of themselves, they only do what God accredit&amp;give directives for.... https://t.co/9I5l3EFVER",christian|christians,Luis,0
701,0,"@VanessaKokomama Infact, But u know wat I did I went to my pastor &amp;said since it d yourba believe ,&amp; it primitive can't we jst follow the grace giving to us cause we are not concern about the primitive culture,so therefore a christian dead should be bought home irrespective of the place of death",christian|christians,Luis,0
531,0,@channelstv @evuleogu Is this what you call democracy?  Where armed Islamist roam the streets with guns and Christians are hacked down like animals. History will tell how @channelstv blew the trumpet in support of evil.,christian|christians,Luis,0
592,3,RT @v4mpgrI: bitches making fun of witchcraft and astrology while being CHRISTIANS will always be funny to me üò≠ https://t.co/61aZns5yc4,christian|christians,Luis,3
781,1,"Baboons and monkeys are soaking blood in Nigeria. Over 2000 Christians brutally maimed and murdered. And we all are mute, even our bishops",christian|christians,Luis,1
735,0,Download Christian Krissy O ‚Äì Bum Short.mp3 | Naija Music @ http://t.co/bzgf4exfqs,christian|christians,Luis,0
568,2,"@montithefirst @comandant5 @liamjajitoby Lmaoo So your years of reading the Bible told you to call me a slut abi? That‚Äôs just to say that y‚Äôall become Christians just to judge other people‚Äôs decisions. Small boy, heal",christian|christians,Luis,2
857,0,Christian Pulisic should drop our number 10! He doesn't deserve it.,christian|christians,Luis,0
245,1,"@AdaojoV @UN @realDonaldTrump @MBuhari As a Christian I pray that God have mercy on your soul. 

But as a Nigerian youth, na Ogun go kee u dia, u no go die beta bastard. 

That money they paid u will put in a difficult situation.",christian|christians,Luis,3
141,0,"The Special Assistant to President Muhammadu Buhari on social media, Lauretta Onochie has again accused the Christian Association of Nigeria (CAN) of being a ‚Äòblood-sucking parasite‚Äô in its... https://t.co/x7qfnYrT1j",christian|christians,Luis,0
2,1,@solaadio Yes they can. I've got discretion. I can't say the same for other Christians and they give 'stupid' reason y. It doesn't cut it,christian|christians,Luis,0
439,1,"@iamjohnsonemma The world CHRISTIAN population is not upto 3billion, liar!",christian|christians,Luis,1
882,0,"RT @BikerNiqabi: Imam Ahmad bin Hanbal had a very intelligent friend who was a Christian. The Imam asked him, you‚Äôre a very smart man, so w‚Ä¶",christian|christians,Luis,0
373,1,"@hill_jolly @IsaTochukwu Like in Plateau state or Benue or Taraba, abi? All of which have Christian Governors &amp; deputies.Well, perhaps you didn't go to school to know the States and Capitals rhyme sef. People like you (in the north or south) are disgusting. Don't know shit but argue on sentiments.",christian|christians,Luis,X
481,0,"@FemAdesina Mr. Adesina, have you forgotten that the Lord said if we call anyone fool, we're liable to hell? For a top Journalist, you don't choose your language carefully. You spoke against this act at Daystar Christian Center once, remember?",christian|christians,Luis,0
341,0,RT @rhemanigeria: The reverence that some Christians have for Satan is disgusting @ToksAdejuwon,christian|christians,Luis,2
871,0,"RT @Itz_Konani: I end this thread by saying, if you are a Christian and you side with the world against the Church you are doing the wrong‚Ä¶",christian|christians,Luis,0
782,0,"@elrufai he won't e even scale through APC primaries, plus the hatred he has created for himself from Christians. If the North are tired of Being a part of Nigeria, let them put El rufai forward as another buhari. Then "" the monkey and Baboon to be soak in blood"" quote 4rm BUHARI https://t.co/bKTqynKfmV",christian|christians,Luis,0
591,0,"RT @UjuAnya: If you noticed my silence, I‚Äôve been in Twitter jail. Somebody called me a greedy bitch for asking Christians to send me money‚Ä¶",christian|christians,Luis,0
881,0,"RT @HananyaNaftali: Did you know?

Since 2009, over 60,00 Christians have been murdered or kidnapped in Nigeria. Around 20,000 Christian sc‚Ä¶",christian|christians,Luis,0
856,0,Classic #yemmidammie2016 @fiyinsteve @oadefisayo @ Daystar Christian Centre https://t.co/GHiIpimuXi,christian|christians,Luis,0
372,0,@Avibolanle7733 @_thefinesser I mean I'm Christian when I break a plate I don't shout Jesus I just say shit or goddammit but if I'm about to lose something life-changing like my job or my life perhaps I say Oh God or Jesus repeatedly because I believe in his ability to turn that situation around for good,christian|christians,Luis,0
874,0,RT @GuyForChrist: RT if you are not ashamed to be a Christian. #GodsNotDead http://t.co/mZx0fr3lIG,christian|christians,Luis,0
1268,0,"An anti-Islamist Libyan politician, Osama al-Mansouri, has been killed by gunmen in eastern Libyan city of Derna http://t.co/qKs5iIpOgJ""",eastern|easterner|easterners|biafra,Luis,0
113,1,@whytencastle @Ralphken77 @okosivals @maazi_ogbonnaya Bro is true naw...that guy is irritating. He kept mentioning that ppl 4rm SS don't want biafra n I asked d fool how sure he is n how many of this ppl has he met...d idiot can't answer...is he more intelligent than MNK that rejected 5 States offered to him back then b4 dey came..,eastern|easterner|easterners|biafra,Luis,1
697,3,"RT @ipobworldnews: BIAFRA: RESTRUCTURING SUMMIT, A GATHERING OF VULTURES, WOLVES AND VAMPIRES https://t.co/Yr1Gx33VSd https://t.co/vFR1q1Qr‚Ä¶",eastern|easterner|easterners|biafra,Luis,2
1262,0,"The sit-at-home order by the Indigenous People of Biafra (IPOB) on Monday registered total compliance in cities across Anambra State.

Markets, banks, motor parks and other commercial places, including schools and government offices, were under lock and key. https://t.co/s2My5c4Xuv",eastern|easterner|easterners|biafra,Luis,0
307,1,You put on nose mask while driving wit full AC.... you can only see dos morons like that in a country called Nigeria... thank God I'm from Biafra Ndi (DOT) iwotago Charlie!!!,eastern|easterner|easterners|biafra,Luis,1
669,0,"Biafra my home,pls if don't like it,been Biafra you must like it,my fire by force, see killing, raping,damagingly, I have been done,no going back https://t.co/OBfXrOP5o9",eastern|easterner|easterners|biafra,Luis,0
241,1,South Eastern governors and leaders might be the most useless things since the first slice of sliced bread.,eastern|easterner|easterners|biafra,Luis,1
566,1,RT @ifeycos: The Zoological Animal Kingdom called Nigeria# free Biafra from the British murderous entity called Nigeria https://t.co/64sZYQ‚Ä¶,eastern|easterner|easterners|biafra,Luis,0
671,0,sodebaba Second man arrested over rape of Indian child: Suspect detained in eastern state of Bihar in connecti... http://t.co/FrpqV8tcUU,eastern|easterner|easterners|biafra,Luis,0
780,0,"""@omojuwa: General Ihejirika: A Loony Biafra Fanatic Or Just Deadly Corrupt? ‚Äì Dr. Peregrino Brimah... http://t.co/PzkT9dGqoK""",eastern|easterner|easterners|biafra,Luis,1
1260,2,"RT @Amaka_Ekwo: Terrorists and Alamajiris.

As wicked and lazy as their fathers.

#Nigeria 

#BiafraExit #FreeBiafra #Biafra https://t.co/S‚Ä¶",eastern|easterner|easterners|biafra,Luis,1
808,2,@nnamdikanu1 even if it calls for war to achieve biafra we will accept it and we will defeat the baboons and monkeys in the zoo,eastern|easterner|easterners|biafra,Luis,0
42,1,@NigeriaNewsdesk @NaijaNews As a NIGERIAN I will answer the questions with questions. What was england and the english before 927AD? What was America and Americans  before independence? These are very stupid questions for issues as serious as the biafra agitation. you didn't say where the debate would hold.,eastern|easterner|easterners|biafra,Luis,0
1278,0,"RT @Biafralandtwt_1: Biafra Security Outfit Set By IPOB Supreme Leader Mazi Nnamdi Kanu, Join @MaziNnamdiKanu Live Broadcast For The Detail‚Ä¶",eastern|easterner|easterners|biafra,Luis,0
40,1,But we will not sit back and watch our people killed for sport again by blood thirsty Nigerian Police and Military. Even if you are enabled by stupid Governors of South Eastern States. This is not 1967. We will document everything.,eastern|easterner|easterners|biafra,Luis,1
1287,0,"@amaka_ekwo his is a confused man for nw , do to d name BIAFRA",eastern|easterner|easterners|biafra,Luis,0
202,0,"@ChifeDr Incidentally, a similar pejorative is used by french #Cameroun in their almost apartheid like treatment of the minority english-speaking #SouthernCameroonians. Les #Biafra, les #Bamenda. Allez chez vous.. in addition to more violent tropes.. dogs, cockroaches, rats",eastern|easterner|easterners|biafra,Luis,0
524,1,"One idiot blocked me todayüòÇüòÇüòÇüòÇ
The fool from Eastern Nigeria where I have awesome and right thinking humans as friends couldn't hold a simple conversation of why people have a choice by voting Buhari in 2015.
The Ode thinks I eat off this page, oponu ndi ala osi",eastern|easterner|easterners|biafra,Luis,3
1285,0,"The first two photos are those who protested and asked the government to build roads and provide Tue basic social amenities for the Eastern Nigeria... 
NOTE::they never took up arms.

Those other ones were those who‚Ä¶ https://t.co/zcQEvEgDM9",eastern|easterner|easterners|biafra,Luis,0
1253,0,My re-arrest‚Äôll quicken actualisation of Biafra ‚Äì Nnamdi Kanu https://t.co/5ss94j0Y0h https://t.co/w8gRY2gGOU,eastern|easterner|easterners|biafra,Luis,0
1263,3,"RT @Tasinnewstv: As D Python dancers saw D specially made in biafra R.G.P/R15 in the hands of D ESN, Pythons are now crawling back into the‚Ä¶",eastern|easterner|easterners|biafra,Luis,0
205,0,"RT @thebiafrapost: Biafra: [Ofe Nsala Day]: Between The ""Toothless Bull Dog"" And The Fuddled Governor, Who Wins The Day? https://t.co/oB6yZ‚Ä¶",eastern|easterner|easterners|biafra,Luis,1
842,2,"@niyorty So a tenant is misbehaving, you‚Äôll now bring tenancy agreement and be referring to sections therein‚Ä¶
What if he doesn‚Äôt grant you audience?
It‚Äôs like you haven‚Äôt met some coconut head tenants, especially our Eastern brothers.
Property management in Lagos is stressful.",eastern|easterner|easterners|biafra,Luis,2
336,0,RT @IykeObedOnuorah: Though Da World May Act #DEAF#DUMB 2 Our Quest 4 FREEDOM#BIAFRA Quest 4Self Determination is#NOT-NEGOTIABLE#FREE BIAFR‚Ä¶,eastern|easterner|easterners|biafra,Luis,0
474,0,That‚Äôs how when I went to watch awon Lebron &amp; Co. destroy Nigeria at basketball during the 2012 olympics one Eastern European guy asked me why our national anthem was in English. I said ‚ÄúBecause Nigerians Speak English‚Äù Uncle looked me in the eye and called me a liar.,eastern|easterner|easterners|biafra,Luis,0
526,3,@kodas4luv @iamdecentm @jeffphilips1 Buhari did not pay anybody shit.. He announced it like a bait. Biafra should are not fools Oga. Show me proof that one person was paid. We have been quiet too long enduring so it can‚Äôt be our fault now crying out. Go talk to Buhari to secure the country he promised you to. Not me,eastern|easterner|easterners|biafra,Luis,0
337,3,RT @maestropetals: Every smart person playing dumb should be called...has Gumi met those who are agitating for Biafra &amp; Oodua Republic?,eastern|easterner|easterners|biafra,Luis,0
285,0,Biafra: Fani-Kayode blasts Junaid Mohammed for calling IPOB members ‚Äúbastards‚Äù https://t.co/T48UBnkVco,eastern|easterner|easterners|biafra,Luis,0
160,1,RT @RKennedyob: To Hell to Nigeria.A fraudulent contraction. The kingdom of baboons and monkey. A parasite to the #Biafra Nation.#FreeNnamd‚Ä¶,eastern|easterner|easterners|biafra,Luis,1
567,0,"It is very certain that we the citizens of Biafra must take our destinies into our hands since we ar left with no choice. The Nigerian army and police have killed us enough so we say enough is enough we ar not animals even animals have right to life, how much more humans beings.",eastern|easterner|easterners|biafra,Luis,0
698,1,RT @biafra_tv: BIAFRA: NIGRIA FINALLY GONE TO THE VULTURES UNDER HITLER BUHARI https://t.co/u3c4UkCX3I https://t.co/F7dzjndqhs,eastern|easterner|easterners|biafra,Luis,1
287,1,"@Egonduokorie Lol i laugh in Biafra, you really don‚Äôt know you are a bastard non of your family members is willing to tell you that but I‚Äôm telling you for free you be OMO ALE.",eastern|easterner|easterners|biafra,Luis,1
1271,3,"Abegi! Mtcheeewww ""@TouchPH: #NewsHeadline: Biafra‚Äôs self-determination suit against Nigeria continues Sept 22""",eastern|easterner|easterners|biafra,Luis,0
1245,0,Court Denies Kanu Of Radio Biafra Bail | Sahara Reporters https://t.co/46TAZlfrGN via @AddThis,eastern|easterner|easterners|biafra,Luis,0
1258,0,RT @savndaniel: Those agitating for Biafra never made mention of war. They have constantly made it known that they want a referendum. The i‚Ä¶,eastern|easterner|easterners|biafra,Luis,0
683,2,"@MobilePunch Though you have shown concern and even came personally, but we will trust that you mean it, if no body is killed again in the country by the fulani vultures of death.",fulani|fulanis,Luis,2
1060,0,"RT @MaziNnamdiKanu: In 2014, I asked this question during one my visits to Malaysia. 

If a Fulani terrorist, local or foreign, armed with‚Ä¶",fulani|fulanis,Luis,3
453,1,"@mkadamu3 @IbehEngr @channelstv Did you say Fulani are attacked on daily basis? Can you honestly say where such attacks took place? Of the Fulanis the governor said were killed at Kajuru, why hasn't he shown the world their graves? Bloody liars.",fulani|fulanis,Luis,1
226,1,"@dat_ph_boi @accessbank_help @gtbank @FirstBankngr @FBN_help they are the most useless bank with the worst banking service, they can‚Äôt even stand with some micrfinance bank not even ibolo or balogun Fulani micro finance bank awon oloshi arindoti masafani",fulani|fulanis,Luis,0
1042,0,"RT @greypen_: WORK IN PROGRESS

fifth day on this

 #Fulani #Bitcoin https://t.co/hJnypxbtYC",fulani|fulanis,Luis,0
1036,0,"RT @MaziNnamdiKanu: The Helicopter caught in a video yesterday supplying arms to Fulani terrorists, is an Agusta Westland 109  with registr‚Ä¶",fulani|fulanis,Luis,0
794,2,@Smirnoff_baby_ Leave the deaf Fulani baboon,fulani|fulanis,Luis,2
223,1,"@Wotazo_com You are very correct........ Imagine useless, brainless and jobless people carrying placards on trivia issue that had no substantial evidence but all the idiots kept mute when it comes to boko harram, fulani heads men, kidnapping, and host of others. We celebrates lies in NIGERIA",fulani|fulanis,Luis,3
180,0,"This is to tell you how historical cows and fulanis are, cows contributed immensely to the development of Nigeria, and that is why they are pictured on our currency, unlike pigs and dogs, that are never recognised. #Iamnorth https://t.co/3orRlgN2G0",fulani|fulanis,Luis,3
19,0,"@VENT_NG @Tasinnewstv The problem here is,once you have a contrary opinion you are immediately label Fulani slave,you are called stupid,fool,idiot,empty brain and so https://t.co/VIk5E8Zkvx can't take on everybody.",fulani|fulanis,Luis,0
745,1,"13. Most states cannot pay their salaries... So, is your Governor or senator or LG chairman a Fulani? What did they do with the little they have? How hard are they working to increase IGR? Yet, The lazy bums want you to blame the Fulani and @MBuhari alone?",fulani|fulanis,Luis,1
1040,0,"RT @Joe__Bassey: Here is Oyigbo in Rivers State, where people were massacred last night by Fulani Herdmen.
#NIGERIAPREVAILS #itisnotfinish‚Ä¶",fulani|fulanis,Luis,2
1052,0,"@DaudaJibrin13 @Demurleigh Fine, dey sud suit themselves. like I said this BUSINESS. Nothing more. If I sell my land or inherited family land to u. It becomes urs. Nothing concern SG. If they pock-nose too much. Go to court. U will get justice. Nigerians are ready to conduct legimate business with fulani's",fulani|fulanis,Luis,0
1034,0,"RT @TobbyFancy: 20th of October 2020, NIGERIA army left bokoharam, left kidnappers, left Fulani herds men to kill unarmed peaceful proteste‚Ä¶",fulani|fulanis,Luis,2
296,1,"@Laurestar U're an idiot; bitch-ass mama! Go for my mother, if u can. Sycophant; ready 2 die for affidavit-certified Fulani bigot so u can get 100k likes on Twitter &amp; u dared call him 'okechukwu'. Moron!!!",fulani|fulanis,Luis,X
1032,0,"RT @RosemailP: I don‚Äôt do this on a norm , but this is so heavy on me, Fulani burnt down my pineapple farm , I put all my all on this proje‚Ä¶",fulani|fulanis,Luis,2
500,1,"@godwin_udosen @MaziNnamdiKanu @UKinNigeria @Number10press @nassnigeria @USinNigeria @UNHumanRights @StateDept @HumanRightsCtte @JohnCampbellcfr @CFR_org @EUinNigeria You're a very bigggggggggggggg üêê
Idiot like you I thought you're learned... Russian fool...that's why you people don't have a working brain... you're home is on fire and you're saying south south Fulani will teach you a lesson Anuofia!!",fulani|fulanis,Luis,3
1011,0,"RT @toluogunlesi: Dambazau says hobbies include listening to ""Soft English Music and Traditional Hausa Music"" üòé

None of that pangolo jukpa‚Ä¶",hausa|hausas,Luis,0
1021,0,RT @Dj_Abba: How many retweets can we get for Hausa rap to get noticed? Shoutout to @mreazi https://t.co/3Q7mnMfLPP,hausa|hausas,Luis,0
792,0,"@nullish2 @NnaemekaEze10 You do not have to be a tyrant to assert yourself. When Buhari made statements in BBC Hausa about dipping dog and baboon in blood before the 2011 General Elections, GEJ should have arrested and had him prosecuted for sedition. 
There were several examples.",hausa|hausas,Luis,0
682,0,Hausa Man Caught Selling Vulture As Roasted Chicken For His Suya Business. https://t.co/dP8edppUiL,hausa|hausas,Luis,2
320,0,"@KemiOlunloyo @ArcGazal @jidesanwoolu Make he ask ""the source"" news paper na, Hausa people always acting dumb, illiteracy is at its peak with them",hausa|hausas,Luis,2
544,0,"""Pls, help me tell our Hausa brothers, it is not Toothpaste wedded Animal-calling"", it is Tuface wedded Annie macaulay!",hausa|hausas,Luis,3
547,2,"@Destiny92805899 @Neche201 Supporting this carnage openly says more of an animal most ipob sympathizer.. 

Ewu Hausa is much sensible than you . üòÇ",hausa|hausas,Luis,3
1010,0,"RT @HausaLiterature: Meet Coronavirus, a skilled Hausa traditional boxer.

His real Name is Abdullahi Ali A.K.A Autan Dan Ali. He was named‚Ä¶",hausa|hausas,Luis,0
422,2,Hausa guys ar lik talking pigs...u av to see thm in warri n if u do u won't even lik to say u r 1 of thm@DICED or wat ever ur name is,hausa|hausas,Luis,2
822,1,Learn how to construct a good sentence before @ing any hausa man. Coconut head https://t.co/zm4bsTXvRX,hausa|hausas,Luis,1
1005,0,RT @Alaye_100: Buhari's media aide was a Hausa Reporter..Looks like he learnt English on the job.Anyways this is him calling for a civil wa‚Ä¶,hausa|hausas,Luis,2
1030,0,"RT @Biisi96: Okay, apparently Aisha was trolling her husband. 

The song and caption was in Hausa, Mandem Dey provoke üò≠üò≠ü§£.",hausa|hausas,Luis,0
821,1,@lifeofLegendino @UMaikanwa @AishaYesufu @lifeofLegendino I think you get coconut head she speak in Hausa and he replied in hausa that's all. Shut up,hausa|hausas,Luis,1
450,1,"Liar- _-RT""@MeeemaTy: Two :) Hausa &amp; Mwaghavul RT @Adeola_Cule: How Many Language(s) Do you Speak fluently?""",hausa|hausas,Luis,1
387,0,@iAm_Vinee How big is the shame for someone that offered hausa in JSS and scored 81? But still doesn't know shit üò¨,hausa|hausas,Luis,1
85,1,RT @Isaiahuba: https://t.co/nsUfUJRSOV The Hausa head boy in Imo state Gov House av spoken. #Biafrans one WORD4this IDIOT!!! #NnamdiKanu @N‚Ä¶,hausa|hausas,Luis,1
175,0,"@yomexng @SamuelOmogor Tell your brothers to go and be selling pig and dogs in the open in Kano. Or they can open beer parlor in Zamfara. Or let them go and be destroying rice in Kebbi. 

Why didn‚Äôt they tell the Hausas who sell beans and pepper to leave?",hausa|hausas,Luis,3
680,0,Hausa Man Caught With Vulture In Onne-PH To Use as Roasted Chicken For Sale - Gistmania http://t.co/Tjqi3v4j via @naijapals,hausa|hausas,Luis,2
87,2,"@Gbadege1Olawale @bunmifasae @janjalous @AishaYesufu @ProfOsinbajo As ur papa na bastard abi???  Fool omo iran kiran, ode oponu nenemu so for ur mind now Osibanjo is representing Omo Odua well??  Fool son of an idiot u eru hausa slave....",hausa|hausas,Luis,3
36,0,@MemeCentralNG This kind of stupid post  must be from terrorists and herdsmen supporters of Buharist who are bent on misleading Nigerians! It's null and void and of no effect period.,herdsmen|herdsman,Luis,0
1230,0,RT @war_desk: JUST IN:Adamawa Court sentence 29 yr Adamawa farmer SundayJackson to dead by hanging for killing herdsman in self defense. ht‚Ä¶,herdsmen|herdsman,Luis,0
523,1,"@DailyPostNGR You are a fool !!!!
Go deal with the bandit and herdsmen...
Ode",herdsmen|herdsman,Luis,1
412,0,"This is so so cruel. How many more innocent Nigerians are we gonna lose before this shits comes to a halt. Are SARS and Herdsmen both in a killing contest?The country now is the ""valley and shadow of death""@PoliceNG @segalink . https://t.co/0d883rLUz4",herdsmen|herdsman,Luis,2
776,0,"One chance, we voted an herdsman! Not a detribalized leader. We voted a senile, nepotistic fanatic. https://t.co/WDOBPQ9udW",herdsmen|herdsman,Luis,3
666,1,@damola_ade77 @toluogunlesi @MBuhari May the Corrupt Police extort you. May Boko Haram set your family ablaze. May Herdsmen rape your wife and mother. You diseased buffoon. What Yeye development??,herdsmen|herdsman,Luis,2
37,1,"@realFFK You open whale mouth forgot that Herdsmen and bokoharam started their damage and did worst under you your clueless boss GEJ. Both you, GEJ and BUHARI are same. You idiots celebrate Nation's calamities when its a good tool for your stupid campaigns.",herdsmen|herdsman,Luis,2
473,1,"@ovieali U lied! Were u in Goosu, Sev-av, Anyibe, Gazor Villages in Logo LGA of Benue State? How did u know that d attacks were stopped? U are a liar like Devaan Mom. As I speak to u now, ppl are not going to their farms if u try it u wil die by herdsmen.",herdsmen|herdsman,Luis,2
1239,2,"Nigeria: Gradually turning into a Rwanda if left unchecked, the ""Killer Herdsmen"" issue.",herdsmen|herdsman,Luis,2
282,1,"@whitenigerian I'm not in support of the killing, but how many of the kidnapping and killing by the herdsmen did you report. You're all corrupt bastards. Speak sense into your president head @whitenigerian",herdsmen|herdsman,Luis,2
435,0,"3. #Herdsmen must hv right of way else blood will flow but as a pig farmer, I dare not allow my pigs stray.
#FearedCows
#Benuekillings",herdsmen|herdsman,Luis,0
283,2,@PraizeSavage @harneeee @aproko_doctor Bastard heard reading..His small mind concluded that I am a student. Ewu chor way puo. I wu nno aturu. You sure know hiw herdsmen sound having lived with them for so long. Ya papa was a herdman init? Thats why you have two left hoofs.LMAO!!!ü§£ü§£ü§£,herdsmen|herdsman,Luis,2
519,1,"@AdeolaHaze @AMADICHIMA Bigotry is when you supports same herdsman I‚Äôm supporting or my supports for PYO and you supporting people that called your generations cowards, fools, bastards, idiots for accommodating them. Go get your brain formatted Orangutan who‚Äôve lost his ancestral home cos of peppersoup",herdsmen|herdsman,Luis,1
522,1,"RT @Olamirewaju22: @HQNigerianArmy Bunch of cowards. Common herdsmen u couldn‚Äôt defeat. Shame on you @HQNigerianArmy bunch of fool

SHAME",herdsmen|herdsman,Luis,1
1228,0,"RT @mreazi: For Years we have been showed that Nigerian Lives don‚Äôt Matter from Boko Haram in the North, Herdsmen, SARs &amp; now in our very e‚Ä¶",herdsmen|herdsman,Luis,2
111,1,"@vanguardngrnews But they haven't conducted such air strikes to dislodge Boko Haram, bandits and killer herdsmen!
Na idiots Dem be and na their crafts go kill and destroy then",herdsmen|herdsman,Luis,2
1118,0,"RT @AishaYesufu: My name is Aisha Somtochukwu Yesufu
#IAmIgbo.
Any threat to Igbo people is a threat to me.
An attack to Igbo people is an‚Ä¶",igbo|ibo|ibos|igbos,Luis,0
232,1,"@MrSomtoOkonkwo @NigeriaGov @cnni @hrw @UNHumanRights Hello Sir, I added Sir cos of my home training however, you are the most stupid being on Earth. You are very senseless, useless, deteriorated &amp; insane. The excrata from the fowl is of greater value and importance than you. You are what's called in Igbo ""efulefu"". Punk.",igbo|ibo|ibos|igbos,Luis,1
298,1,"@freddymarshal @Ogagaoghene2 @ImKayCee7 @datbokiboi @stelladamasus Yes she has moron. Her father is a ""king"" in his homeland. Look at you claiming igbo wife. Gerrara here",igbo|ibo|ibos|igbos,Luis,1
26,1,"RT @DOPIEEY: Ure Igbo and u voted Buhari, GOOD! But u must be stupid if u think Buhari will vote an Igboman if ur places wr reversed.",igbo|ibo|ibos|igbos,Luis,1
507,1,"@NigeriaNewsdesk this man is a fool, and political fool.he should go and learn.idiot for insulting igbo and supporting evils",igbo|ibo|ibos|igbos,Luis,1
1101,0,"RT @Nappyblaze: Flavour also came through with the Igbo style incase the government doesn't understand our English since.
Turn up was üî•üî•üî•
K‚Ä¶",igbo|ibo|ibos|igbos,Luis,0
829,1,@mrhafizaziz @oscarbillygreen Igbo men are not like this i repeat igbo men are not like this..Ozo is going tru alot of coconut head depression,igbo|ibo|ibos|igbos,Luis,1
1124,0,RT @IgboHistoFacts: For an Igbo man to lock his shop and protest. Water don pass Garri.  #EndSARS,igbo|ibo|ibos|igbos,Luis,0
1100,0,Stop Reminding Igbos of What You Did To Them ‚Äì HURIWA Tells¬†Buhari https://t.co/z1kK6P3fLH,igbo|ibo|ibos|igbos,Luis,0
128,0,"""The Cockroach that twerks in the presence of a lizard will end up as his dinner."" Igbo Proverb 

Read more",igbo|ibo|ibos|igbos,Luis,0
1117,0,"RT @De_Paragon1: @renoomokri ""and I can say for all certainty that, igbo apprenticeship system that governs Alaba intl market is the larges‚Ä¶",igbo|ibo|ibos|igbos,Luis,0
1130,0,RT @General_Somto: Abba Kyari Is The Police Officer In Charge Of The Killings And Abduction Of Innocent Igbo Youths In The South East. This‚Ä¶,igbo|ibo|ibos|igbos,Luis,0
1103,0,"RT @AfamDeluxo: After 2015 elections, they were mocking us that ndi Igbo put all their eggs in one basket. You people that have countless b‚Ä¶",igbo|ibo|ibos|igbos,Luis,0
1131,0,"RT @Plato48466760: We must all join hands to make our beloved Igbo nation better , that the government at all levels has abandoned us doesn‚Ä¶",igbo|ibo|ibos|igbos,Luis,0
327,1,@dorisjenny27 @alexlobaloba Lady take your ugly tribalistic dumb ass out of my way and stop making igbo people look bad. Oponu omo,igbo|ibo|ibos|igbos,Luis,1
1111,0,"RT @KillingPython: Gowon is still alive and well. 
86 years old, and chilling after killing over 3million igbos from 1967 to 1970.
Starved‚Ä¶",igbo|ibo|ibos|igbos,Luis,0
609,0,RT @erigganewmoney: If I see one of those Igbo made Versace polo again am so gonna scream like a bitch !-),igbo|ibo|ibos|igbos,Luis,0
1123,0,RT @drpenking: Soldiers are going from hostel to hostel in Owerri carrying Igbo students who have exams to write. Not police. Soldiers. Man‚Ä¶,igbo|ibo|ibos|igbos,Luis,0
60,3,"@Sir_Fin Should we talk about Igbo men n how they have enyi nwanyi that their mum likes,enyi nwanyi that can cook,enyi nwanyi n‚Äôekpe ekpere and enyi nwanyi n‚Äôamaro too much that they will marry las lasüö∂üèΩ‚Äç‚ôÄÔ∏è
Pls dear,scum isn‚Äôt a gender thing inu...",igbo|ibo|ibos|igbos,Luis,3
129,0,"Today is my Grandfather's 4th-year remembrance. He was fair: in temperament and complexion.

He bore a cockroach scar on his left arm, from where the pellets of a local shotgun kissed his skin. A gift bestowed on him by an  Ijebu man who thought his skin resembled Ibo",igbo|ibo|ibos|igbos,Luis,0
1110,0,RT @TheAdaaa: You saw how the government came and turned the End Sars story around. Wrote their own history. But when it‚Äôs about Igbo peopl‚Ä¶,igbo|ibo|ibos|igbos,Luis,0
186,0,Arrested Igbo Trader Explains Why He Named His Dog ‚ÄòBuhari‚Äô https://t.co/YkMjcGIlJd,igbo|ibo|ibos|igbos,Luis,X
652,0,"@Abdussalami_ This is what your people do to others DAILY - even on others‚Äô lands. When yours kill, rape &amp; destroy, U go dumb; but when they marchet an Igbo, watching him to die in pain, disallowing Igbos to take him to the hospital, but warriors come in to resist the murderers, U play victim.",igbo|ibo|ibos|igbos,Luis,0
97,1,"@CChibuzo @KemiOlunloyo Igbo is most foolish tribe in the world, according to Uwazuruike. Do you also agree to this? Most of you just come online after getting daily 10mb from network providers to throw tribal slurs. Idiot. https://t.co/rjE1hUjUGZ",igbo|ibo|ibos|igbos,Luis,2
100,2,"@realFFK you are the compound fool and village idiot found of raising unnecessary false alarm.Omo ale,igbo smoker.",igbo|ibo|ibos|igbos,Luis,1
268,2,"@Samfissy @MaziNnamdiKanu Bastard like you always rushing to the defense of ur oppressors bcos Igbo people r fucking dumb, retarded n slow upstairs. U cause a lot of unnecessary casualties bcos of ur over sabi. Ojukwu was a Mason n British agent n sacrificed all those children üë∂ deliberately. https://t.co/T5bbgPiKr9",igbo|ibo|ibos|igbos,Luis,2
99,1,@HumanRightsNG @SaharaReporters @HQNigerianArmy @PoliceNG Why is it that anything all these idiots want to cause confusion they'll use Igbo names? The other idiot calls himself @chiefojukwu,igbo|ibo|ibos|igbos,Luis,1
1121,0,"God has already approved Igbo presidency - Ezeife,,https://t.co/LNurNWayXW",igbo|ibo|ibos|igbos,Luis,0
269,1,@OmoIyaDammy @dearolaa Nigerians are naturally tribalistic. I‚Äôm igbo dated my ex for a lil over two years his esan mother said I‚Äôm an outcast and can not get married to her son. Don‚Äôt be a bastard please.,igbo|ibo|ibos|igbos,Luis,0
397,0,"Be proud
Be bold
E w√®m time e k√≤ shit.
Igbo bu Igbo.
#IgboAmaka 
#Igbo https://t.co/N8FM9AiwU9",igbo|ibo|ibos|igbos,Luis,0
720,0,@samchrismccoy @Officialchike That is the problem with some of us de igbo we see our things or culture as outdated just bcos he stays in ordinary Lagos we r now primitive,igbo|ibo|ibos|igbos,Luis,0
190,1,@Chopins22 @AsiwajuTinubu @jidesanwoolu @followlasg @lshaofficial @ekometa Omo Ale jati jati... Omo Ibo Aje Aja.. Dog eater,igbo|ibo|ibos|igbos,Luis,3
1129,0,RT @67Kelechi: FOR THE IGBO CULTURE üíô,igbo|ibo|ibos|igbos,Luis,0
631,2,"I agree""@iamrichardsmith: Facts: 50% of Whores in Nigeria are Igbo's.""""",igbo|ibo|ibos|igbos,Luis,X
303,1,After all d noise you go and ask dsame question and ure not even family! moron.RT @uti_dius:&lt;--gay!.  @nifemiadio when are u comin bck sef?,lgbt|lgbtq|lgbtq+|gay|gays|lesbian|lesbians|transgender|transgenders,Luis,1
34,1,"@instablog9ja @DiceyPrince_ Stupid.
They'll be legit when dey cut themselves off for d fornication, adultery, paedophilia, scams and other things committed under their umbrella.
Dey only draw d line when it comes to gays, stupidity.
African religious fanatics always be doing d most.",lgbt|lgbtq|lgbtq+|gay|gays|lesbian|lesbians|transgender|transgenders,Luis,1
1195,0,"RT @Josh__IK: if una like turn this thing to SegaFc vs LGBT United, I am fighting for my freedom. The bullet didn't ask Jimoh if he was in‚Ä¶",lgbt|lgbtq|lgbtq+|gay|gays|lesbian|lesbians|transgender|transgenders,Luis,0
727,2,"@richardbranson  Whiteman brought us the Bible, now he is too civilized for it with 'gay rights'. Rather be primitive than decadent.",lgbt|lgbtq|lgbtq+|gay|gays|lesbian|lesbians|transgender|transgenders,Luis,2
516,2,"@akaworldwide AKA.... You are a fool and a gay artist, we will get you and roast you like a bush meat, henceforth stay clear from Nigeria today,

Useless artist that doesn't have a hit song since 5yrs.",lgbt|lgbtq|lgbtq+|gay|gays|lesbian|lesbians|transgender|transgenders,Luis,2
109,1,"@ifetex1 @ChiomaMyrrh @Monday59095024 @BorisMoro3 @EjikeFriday4 @aishambuhari See the idiot calling someone ZombieüòÇüòÇüòÇIf you were gay,your partner wouldn't need your anus,your nose alone will fit his whole penis no matter how big it is. Oloshi https://t.co/Yn8cbW8Pb9",lgbt|lgbtq|lgbtq+|gay|gays|lesbian|lesbians|transgender|transgenders,Luis,2
589,0,RT @KingAmateurPorn: Lesbian action always hot! #lesbian #slut #whore #amateur #homemade https://t.co/AmBou5066B,lgbt|lgbtq|lgbtq+|gay|gays|lesbian|lesbians|transgender|transgenders,Luis,2
615,2,‚ÄúShe was in Nigeria for a Year ‚Äú Find something else to talk about !! You niggas talk more than bitches it‚Äôs giving GAYü§£! Men don‚Äôt do that,lgbt|lgbtq|lgbtq+|gay|gays|lesbian|lesbians|transgender|transgenders,Luis,3
1205,3,And this is what people are supposed to treat with kids glove. These are the people who should be given space to share their opinion without any push back. Someone that thinks advocating for the rights of trans people is dividing the LGBT community. Really? Which LGBT community?,lgbt|lgbtq|lgbtq+|gay|gays|lesbian|lesbians|transgender|transgenders,Luis,0
105,2,@kusssman How the hell is raping people ffs is a mistake. Above all gayüòû As in Gayüòü... Wtf üò¢ someone they should have beaten to stupor. The idiot even said he sucked the prick by mistake. üòíüòí,lgbt|lgbtq|lgbtq+|gay|gays|lesbian|lesbians|transgender|transgenders,Luis,3
1198,2,"RT @I_pissVodka: I keep seeing 'im in love with me' 'I do me' 'I date me' 'I am my Boo'
This gay in the making...HomoSelfie or HomoSelfish ‚Ä¶",lgbt|lgbtq|lgbtq+|gay|gays|lesbian|lesbians|transgender|transgenders,Luis,2
758,0,Nigerian transgender Noni Salma Flaunts her bum in new photos https://t.co/ZCeKbtKyu8 #EnekemDotCom,lgbt|lgbtq|lgbtq+|gay|gays|lesbian|lesbians|transgender|transgenders,Luis,3
201,0,RT @DahgMahn: What does a dog-riding elf a lesbian-barbarian and a shapeshifting princess have in common? Vanx Malic! https://t.co/s6I6kaCl‚Ä¶,lgbt|lgbtq|lgbtq+|gay|gays|lesbian|lesbians|transgender|transgenders,Luis,0
305,2,"@acesadam4 @SecPompeo But it's obvious u can embrace LGBTQ.
sick moron",lgbt|lgbtq|lgbtq+|gay|gays|lesbian|lesbians|transgender|transgenders,Luis,1
280,2,@slamBrizzy *haaa broke Ass bastard filthy shitty bum hole... Gay swine go fuck a whale mustard.... Smelly rusty teeth,lgbt|lgbtq|lgbtq+|gay|gays|lesbian|lesbians|transgender|transgenders,Luis,2
1192,0,"Days After Meeting With Caityln Jenner, Nigerian Gay Rights Activist, Bisi Alimi Unveils As Ms Posh
https://t.co/moTVVLv0Ry

#PowerToProsper",lgbt|lgbtq|lgbtq+|gay|gays|lesbian|lesbians|transgender|transgenders,Luis,0
1221,0,RT @CarmineSabia: Kevin Hart said as a straight man he would not want his son to be gay and if his son played with a dollhouse he would bre‚Ä¶,lgbt|lgbtq|lgbtq+|gay|gays|lesbian|lesbians|transgender|transgenders,Luis,2
725,2,"@Horusosiris1 @dunsinnn @EzraelAni While arguing with u I've been trading crypto but you've been here the whole day talking about ur gay ass and how your mother wants to become a trans 
Can you kindly send me your moms picture I want to see what kind of animal give birth to this kind of Primitive Bamboo (you)",lgbt|lgbtq|lgbtq+|gay|gays|lesbian|lesbians|transgender|transgenders,Luis,2
692,3,@MailOnline So we now have gay vultures?,lgbt|lgbtq|lgbtq+|gay|gays|lesbian|lesbians|transgender|transgenders,Luis,2
1226,0,"RT @TheEllenShow: Tomorrow, the country of #Brunei will start stoning gay people to death. We need to do something now. Please boycott thes‚Ä¶",lgbt|lgbtq|lgbtq+|gay|gays|lesbian|lesbians|transgender|transgenders,Luis,0
588,1,@kennytrip2 He's gay. A gay slut.,lgbt|lgbtq|lgbtq+|gay|gays|lesbian|lesbians|transgender|transgenders,Luis,2
774,2,@TVCconnect  The proponent of indecent dressing is either a gay or a religious fanatic or both. #TVCYOURVIEW,lgbt|lgbtq|lgbtq+|gay|gays|lesbian|lesbians|transgender|transgenders,Luis,2
433,0,"@Only1_kollyking Two virgin cows, Five lesbian pig and three bald housefly
They will be really glad....",lgbt|lgbtq|lgbtq+|gay|gays|lesbian|lesbians|transgender|transgenders,Luis,2
333,0,"Debi Mazar Sounds Off On Her Lesbian ‚ÄòYounger‚Äô Role, ‚ÄòDumb‚Äô Dolce &amp; Gabbana¬†Remark http://t.co/Ku8B2CnwlK",lgbt|lgbtq|lgbtq+|gay|gays|lesbian|lesbians|transgender|transgenders,Luis,0
834,1,@Rittygalaxzy @instablog9ja Coconut head. Nobody asked you about lesbians,lgbt|lgbtq|lgbtq+|gay|gays|lesbian|lesbians|transgender|transgenders,Luis,1
135,1,"@logobwoy1 @iam_suphy @Mrbankstips @GeeSamLee1 @GracefullyMadeI be like shey Cockroach dey your head.... If you don't know how bet shop dey roll things.....""transfer koh transgender ni""",lgbt|lgbtq|lgbtq+|gay|gays|lesbian|lesbians|transgender|transgenders,Luis,3
198,0,I tink my neighbour's dogs r gay....,lgbt|lgbtq|lgbtq+|gay|gays|lesbian|lesbians|transgender|transgenders,Luis,3
1190,3,RT @Prodigy2639: WHEN YOUR SON HAS GAY TENDENCIES LOL! http://t.co/6ROULdcbwd,lgbt|lgbtq|lgbtq+|gay|gays|lesbian|lesbians|transgender|transgenders,Luis,2
107,2,"""@sexyslimlabby: Fag""@beamcutie88: ""@Questionnier: Which annoys u most. Lesbians or Fags ? #QnA""both""""lol idiot geh",lgbt|lgbtq|lgbtq+|gay|gays|lesbian|lesbians|transgender|transgenders,Luis,2
304,2,"@DailyPostNGR Asked by a man who is supposed to be tending to the failure of his parental responsibilities. Right in your life, your child became a gay and that doesn't bother u? Moron!",lgbt|lgbtq|lgbtq+|gay|gays|lesbian|lesbians|transgender|transgenders,Luis,2
517,1,"RT @omoyemmie: FOOL""@iConMi: Mumu boy. ""@iz_MorGan: Ode oshi!! ""@iziksway: Gay 100 %""@franklinto: Gay or Nah?.  http://t.co/CFaowBYiwq""""""""",lgbt|lgbtq|lgbtq+|gay|gays|lesbian|lesbians|transgender|transgenders,Luis,3
563,1,@Apeiron123 @rosiearc @AntoGriezmann Lmao imagine if animals turn gay no meat and if everyone turns guy we won‚Äôt have to worry bout climate change do we? üòÇüòÇüòÇ cut your duck and turn a priest if you don‚Äôt know what to do wit it,lgbt|lgbtq|lgbtq+|gay|gays|lesbian|lesbians|transgender|transgenders,Luis,2
406,1,"Imagine someone that made an Lgbtq advocative film was threatened;!!

And you people say no one gives a shit

Werey Dey Disguise #QueerNigerianlivesmatter",lgbt|lgbtq|lgbtq+|gay|gays|lesbian|lesbians|transgender|transgenders,Luis,0
1213,0,@Westside__god He's gay tooüåö,lgbt|lgbtq|lgbtq+|gay|gays|lesbian|lesbians|transgender|transgenders,Luis,0
922,0,"Say: ""In the Bounty of Allah, and in His Mercy (i.e. Islam and the Quran); -therein let them http://t.co/ZgDDEMV 10:58 #Quran",muslim|muslims|islam|islamic,Luis,0
890,0,"RT @kayodebakre8: Prophet Muhammad.
In the early days of Islam, he visited Taif to preach Islam. He was stoned and insulted. He ran away wi‚Ä¶",muslim|muslims|islam|islamic,Luis,0
901,0,"RT @__usyy: - The best house among the Muslims is the one which contains an orphan who is well treated, and the worst house among the Musli‚Ä¶",muslim|muslims|islam|islamic,Luis,0
538,1,@Donkalusky @NGRPresident You are the most useless filth animal have even seen writing like this for calling Prophet of Islam homo. Eranko lasan lasan,muslim|muslims|islam|islamic,Luis,1
707,0,"@tigress_jnr @i_elkay @aisosaigiebor @A_Salkida @Darkl1ght3r Listen, In words N opposite
Bikini/=puting on dress
That lady cover ups= nakedness,  if u understand ul probably stop comparison off point, that lady is like a mask masquerade making islam look primitive.",muslim|muslims|islam|islamic,Luis,0
376,1,@Queenofor Who do you want to deceive with this shit. Go form your own Islamic State of Sharia. Nonsense.,muslim|muslims|islam|islamic,Luis,0
416,0,Rihanna Calls President Trump An ‚ÄúImmoral Pig‚Äù As She Blasts Him Over ‚ÄúMuslim Ban‚Äù https://t.co/xMH6AYeNpg https://t.co/AGht9bKU9B,muslim|muslims|islam|islamic,Luis,0
144,2,"@ng_react @thecableng Now I can understand where ur passion lies, to have a country fashioned in ur Islamic fundamentalists styles
Well the north is a parasite so I'm not surprised, u talked about taxes, taxes that come from Nig Brewery, Guinness PLC &amp; co...? Hypocrites is ur second name.",muslim|muslims|islam|islamic,Luis,X
343,2,RT @tasldn: Some of you Muslims are THE most judgemental people ever. You say the most disgusting things to your fellow brothers and sister‚Ä¶,muslim|muslims|islam|islamic,Luis,2
898,0,"RT @DailyHadiths: The Prophet said: ""A muslim does not regularly attend the mosques to perform prayer and remember Allah, but Allah feels h‚Ä¶",muslim|muslims|islam|islamic,Luis,0
489,1,RT @olufelar: If ∆± r a muslim and ∆± won't fast ∆± r a fool,muslim|muslims|islam|islamic,Luis,0
706,0,"RT @ubmuiu: Islam isn't at a primitive stage, it's actually going through its most important stage in its history. World is in desperate ...",muslim|muslims|islam|islamic,Luis,0
812,1,"@instablog9ja Believing in Jesus is one of the articles of faith of islam,the coconut head boy is just overtly expressing the Creed.",muslim|muslims|islam|islamic,Luis,1
75,1,"@Christinehodge2 the more muslims we have condemning barbarism,  the more these idiots get to know the world is against them.",muslim|muslims|islam|islamic,Luis,1
644,0,"We condemn every actions and in actions of rape against anyone and moreso our own. It is very important that every Muslim community and platforms educate and inform both genders how horrible sexual assault and rape is.
#JusticeForBarakat #Wearetired",muslim|muslims|islam|islamic,Luis,0
888,0,"RT @CraigCons: Look at what we have here. Islam standing for peace, tolerance &amp; love. This verse gives Islamophobes real headaches. https:/‚Ä¶",muslim|muslims|islam|islamic,Luis,0
210,2,This bastardise Islamic scholars acting like they're the most intelligent people on Earth. Whipping people's kids for fun because they can't recite pages from a useless &amp; meaningless book written some thousands of years ago.,muslim|muslims|islam|islamic,Luis,2
247,1,"Muslims Preachers have taken the lead! 

""Get your pVC and through this Administration full of bastards..."" 

WHAT IS THE NAME OF THIS MALAM? https://t.co/AK1n947QsX",muslim|muslims|islam|islamic,Luis,1
441,1,"You are a liar @realFFK you left the party @APCNigeria because of your dirty deal, Muslim/Muslim ticket issue has not come up then.",muslim|muslims|islam|islamic,Luis,1
311,0,"@Issaomotosho @theprincelyx OK. My reply was to the tweet that's asking for shrine.

The first tweet said malls may have prayer space for Muslims like a mall in Ilorin. What's  the problem with that? Or why is it dumb?",muslim|muslims|islam|islamic,Luis,0
290,1,@chirkutlal @positivebeam @olumide_habeeb @Me_InSoLiTuDe @Imamofpeace @DrAmbardar üòÇüòÇüòÇ who are these terrorist killing only non-Muslims ? And you‚Äôre a moron if you can‚Äôt list at least 3-5 out of those terrorist you shouting,muslim|muslims|islam|islamic,Luis,0
785,0,"@Egi_nupe_ If you have not been to a place, you won't understand them. My stay in the North changed a lot of things I think about the North. 2011 when Buhari's Baboon and dog statement led to the death of some corp members in Bauchi, I found favour in the hands of a Muslim &amp; am alive today.",muslim|muslims|islam|islamic,Luis,1
534,0,"RT @DailyHadith: ""A Muslim who plants a tree or sows a field from which man, birds, and animals can eat, is ... http://t.co/rE3tbBgT",muslim|muslims|islam|islamic,Luis,0
442,1,You ar the biggest Liar... All your comments are baseless and couses of Chaos to our beloved nation.... It is clearly clear that those guys are fighting for their selfish interests not for Muslims and 99% BH victims ar Muslims but u like to creat hatred among us https://t.co/rAeHU4mKlS,muslim|muslims|islam|islamic,Luis,1
484,1,"@Peace42777048 @AishaYesufu Stupid fool..
When yu sleep at night
what goes thru ur mind?

Is dat wat Islam taught yu to do in a situation like dis",muslim|muslims|islam|islamic,Luis,1
938,0,RT @Waspapping_: Arewa twitter will never be the same without Dadiyata. It misses him so bad. You could see that with every passing day. It‚Ä¶,northern|northerner|northerners|arewa|almajiri,Luis,0
645,0,"RT @thisisdan79: Northern monarchs and governors come out and complain about protests, social media bill but they stay silent on , rape. Ki‚Ä¶",northern|northerner|northerners|arewa|almajiri,Luis,0
540,2,"Are you serious @MBuhari , is that all? 
‚ÄúNigerians should go about their normal businesses‚Äù so that you northern animals will kill them? @channelstv #PrayForNigeria #NIGERIAPREVAIL #Buhariisdead #BuhariResignNow #EndSARS #EndBadGovernanceinNIGERIA https://t.co/jAHoZFmtmg",northern|northerner|northerners|arewa|almajiri,Luis,2
492,1,@SaharaReporters What does Maina have on these fools and why is he enjoying all this? Northern privilege?,northern|northerner|northerners|arewa|almajiri,Luis,0
929,0,"RT @oldcovenant: The summary of our problem that no one is ready to talk about.

#IPOB #ozoemena #BiafraHeroesDay2021 Ahmed Gulak Arewa Twi‚Ä¶",northern|northerner|northerners|arewa|almajiri,Luis,0
51,2,@AdamsGarba4u @JaafarSJaafar You northern Scums,northern|northerner|northerners|arewa|almajiri,Luis,2
708,0,"@DarkestGhost Gaskiya he‚Äôs more diplomatic in this conversation!! And also little bit primitive, he wanted to questioned ur income and how u can easily afford it. (We‚Äôve this especially in Arewa) dat ppl lyk dat r into ‚Äòharka‚Äô basu tunanin kina da wata biznez!",northern|northerner|northerners|arewa|almajiri,Luis,1
942,2,RT @Omotolxni: @khadijat_ibrahi My hate for northern people are growing day by day,northern|northerner|northerners|arewa|almajiri,Luis,2
345,0,"Y‚Äôall want Arewa people‚Äôs support? Just stop with the insults and disgusting comments. Calling them dumb and all sort of names is not cool, educate them instead.",northern|northerner|northerners|arewa|almajiri,Luis,0
927,0,RT @MalachyOdo1: Northern Governors meet almost every month and come out with resolutions we sometimes detest but Nigeria usually moves on‚Ä¶,northern|northerner|northerners|arewa|almajiri,Luis,0
494,0,@renoomokri Northern politicians know what they are doing. They can't fool us any more,northern|northerner|northerners|arewa|almajiri,Luis,0
214,2,"@channelstv Upon all the money wey una dey pack go northern states, sense una no still get, cleanliness and personal hygiene na still zero. Una go still carry una garbage from North come Lagos come dey pollute the atmosphere here. From okoko to Volks now dey smell of useless shit",northern|northerner|northerners|arewa|almajiri,Luis,3
928,3,Arewa top news: An kama masu shirin kai wa musulmai hari a Amurka https://t.co/4EDQ4Y814H,northern|northerner|northerners|arewa|almajiri,Luis,3
952,0,RT @Binanii: I love how the Nigerian northern style is drifting into comfort-wear. The boubous and the Kaftans. I stopped wearing fitted cl‚Ä¶,northern|northerner|northerners|arewa|almajiri,Luis,0
443,3,"Iffa tell you say I no dey bewildered and bemused at this Northern Culture, I be liar! 
Na this Sharia law application even in a Federal setting been won make me challenge Camp Commandant director for Kastina Orientation Camp!
Abeg the divide between us and this people much! https://t.co/dwxhbCJziW",northern|northerner|northerners|arewa|almajiri,Luis,0
168,0,"A boy and his dog üòÄüòÄ 

Northern | Buhari | Barcelona | Abuja | Messi | Argentina https://t.co/Sbrkh8njkZ",northern|northerner|northerners|arewa|almajiri,Luis,0
740,0,"The a$$ behind the handle üòä.
This was what Timaya meant when he sang 'Bum Bum'.
*
*
#backtoschool #DojaCat #Arewa #arewatwitterconnect #arewatotheworld Suarez Amy Cooper Karen African American.

I follow back. https://t.co/Xn5t9BZvUt",northern|northerner|northerners|arewa|almajiri,Luis,0
818,2,"@n6oflife6 I often wonder what source they do get their information from, My mom told me polio did those Arewa peppa dirty back in the days until the vaccine came around. Them get coconut head for that place",northern|northerner|northerners|arewa|almajiri,Luis,3
959,0,@maniac8989 Northerners you say?? So Everyone from the north is the same??? Some of you really need to go back and re-evaluate/re-educate yourselves.,northern|northerner|northerners|arewa|almajiri,Luis,0
10,1,"@barbatuneday @toluogunlesi @rukaino @MBuhari @atiku You are very stupid for saying this rubbish, at least the Northerners have conscience to sell, you have none, can't people make their own choice without you casting aspersions on them or must their choice agree with yours ? Oponu akin dani dani, alai ni lakaye. obo lagido.",northern|northerner|northerners|arewa|almajiri,Luis,1
380,1,"Ha so much shit going on in this nation dey say the northerners are planning an invasion dey say Buhari been dead this is Jubril #SARS on the street still going for the kill
Who the fuck came up with this social media bill?
Politicians still looting us with no chill.. #ENDSARS https://t.co/TTtnbhxx3N",northern|northerner|northerners|arewa|almajiri,Luis,0
50,3,"Them don air this babe, she go join ""Men are scum gang very fast""

#valentinesday2021 #sundayvibes #ValentinesDay #valentines Martinez Messi President #mrmacaroni Arewa #Rihanna Usman Naomi Oyo State #NeoInSisterRose #EndSARS #Lekkitollgate Miyetti Allah https://t.co/KQbZGvQEKz",northern|northerner|northerners|arewa|almajiri,Luis,0
954,3,@SAMKLEF Samklef die now federal government will pay N4.75 to Northern food dealerüò®üò® https://t.co/hEdjqRjFEQ,northern|northerner|northerners|arewa|almajiri,Luis,0
947,0,"RT @Jesilchimeziri: Not or you're from Arewa
Family ain't rich yet
Never been in a sports car
Came from the struggle
But if you believe tha‚Ä¶",northern|northerner|northerners|arewa|almajiri,Luis,0
988,0,#SoutherN HospitalitY :),southern|southerner|southerners,Luis,0
982,0,"RT @SKefason: Wow!
Well done @BoyCalledMun, your lyrics are mind-blowing revealing the reality we face as a people in Southern Kaduna.
#Sou‚Ä¶",southern|southerner|southerners,Luis,0
742,2,"@cchukudebelu Because Southerners are senseless, and they know that, that's the reason, nonsense bum",southern|southerner|southerners,Luis,2
385,1,@mosmail008 @IkumapayiJ @Abuchikag @dawisu You don't know shit...you're just a buhari sympathizer who knows nothing about the state of this nation...ohh I forgot you don't care about the nation but about buhari and his image...if this president was a southerner I can rightly guess the opinions you'll have.,southern|southerner|southerners,Luis,1
970,0,"RT @9jaInformant: If you're a southerner in the north;

Service your car and fill the tank

Keep like ‚Ç¶20k - ‚Ç¶100k cash at hand.

Have a sm‚Ä¶",southern|southerner|southerners,Luis,3
790,0,A lot of southerners in the north are returning home for fear of dogs and baboons that will be soaked in blood as Buhari promised@2015.,southern|southerner|southerners,Luis,3
979,0,And another southerner is sacked/replaced by a southerner from Kaltugo of the North as AMCON chair. All all another coincidence,southern|southerner|southerners,Luis,0
82,0,Pangolins seen in bushmeat &amp; trade surveys: hunters in southern Nigeria call them 'idiots' as they are easily caught https://t.co/owxMBOGOLc,southern|southerner|southerners,Luis,0
151,3,"@SaharaReporters Shame on southern slaves who give these bastards the guts to keep on doing reaping from where they did not sow. It's time we leave these parasites and face the enemies among us. Their ignorance, selfishness and greed are threats to the survival of the south.",southern|southerner|southerners,Luis,3
597,0,Duterte Wants US Special Forces Out Of Southern Philippines Days After He Called Obama A 'Son Of A Bitch': Ph... https://t.co/2V6jejlmPB,southern|southerner|southerners,Luis,0
678,2,"RT @Seyi__: The replacement is Osinbajo. So he is a vulture? Lmfaoooooo again, you southern idiots dont know these guys dont rate you. http‚Ä¶",southern|southerner|southerners,Luis,1
999,0,"RT @SKefason: Death toll from yesterday's massacre in Southern Kaduna hutd 30 as many persons are still missing.

The Nigerian media are st‚Ä¶",southern|southerner|southerners,Luis,0
542,2,"@Waspapping_ They create terrorism and banditry to destroy NORTH, and open their dirty mouth 'North is our problem'. Don't just say that, pls do the needful! Instead of wasting all of your resource.
All the insurgences were initiated at the time of southerners to destroy the North.

Animalsüëá",southern|southerner|southerners,Luis,3
994,0,@Gistloversblog1 Hmmm when I said southerners should start growing their own food &amp; livestock on a commercial scale they said my mouth was smelling. Now we‚Äôll be forced to,southern|southerner|southerners,Luis,0
81,2,"@Rahma_sadau We'll continue saying those people are bunch of idiots nd stupid... U Claim you're set of educated people, mean while you're comparing yourself with shekau..... Those southerner need to buy sense",southern|southerner|southerners,Luis,2
573,2,"@vanguardngrnews You idiotic Southerners always fighting your own, now you can talk abi, but biafrans been killed everyday you kept mute... Foolish sluts everywhere",southern|southerner|southerners,Luis,2
820,0,"This ban on #crypto is aimed at southern youths. 

Take it or take it. 
It was a well thought vindictive scheme to get back at 'those coconut heads wey no deybgree hear word wey dey disturb the government' 
#EndSARS, #IPOB and the donation to Sunday may all be linked to it",southern|southerner|southerners,Luis,0
791,2,"@renoomokri @innosonmotors I wonder oh my pple,,,this nothern power drunk baboons always like to attack a southern top biznss man who dont practise thier terorist muslem religion.",southern|southerner|southerners,Luis,X
574,2,@BeautyCousin @____PARROT ü§£ü§£ü§£ dts d number 1 illiteracy I‚Äôm talking about . Judging a book by it cover. üòÇslut mama of southern,southern|southerner|southerners,Luis,3
1001,0,RT @HARUNA__BAMALLI: Is these not the vehicles they use in stealing oil from delta?.This people want to finish everything in Southern Niger‚Ä¶,southern|southerner|southerners,Luis,0
973,0,"RT @aproko_doctor: Innocent people are being massacred in Southern Kaduna, over 60 people dead in Sokoto

The government responsible for ke‚Ä¶",southern|southerner|southerners,Luis,0
318,2,@akferragamo1 @SaharaReporters @MBuhari @BashirAhmaad Same way Southerners became deaf and dumb during the Jonathan era...,southern|southerner|southerners,Luis,2
995,0,"#copied

ALIYU GWARZO SAID: 

""The problem with you Southerners is that you can never understand the north. We are a mystery to you and you cannot comprehend us despite all your boasting that you are better than us.... https://t.co/ReIU76x7gQ",southern|southerner|southerners,Luis,0
29,2,"stupid boizüòü""@michealmayor28: ""@mzhappuch: Foolish bois!!!!@da_PokEr: True""@Josh_BoUNCe: GIRLS WITHOUT BOOBS WEAR BRA THE MOST.....",women|woman|girl|girls|female|females,Luis,2
752,2,@yummygirl20 @Amakathefirst Music and looking at girls with big bum bumüò≠üò≠üò≠üò≠,women|woman|girl|girls|female|females,Luis,2
331,0,"@theREALbenORR @IlhanMN My problem with this dumb comment is ""immigrant woman of colour"" as if because she is an immigrant, a woman, and of colour makes her a lesser human being. Alaye, apart from your ""almighty"" America, anywhere else you go, you are considered an immigrant mumu of colour. Onye nzuzu",women|woman|girl|girls|female|females,Luis,0
722,0,RT @fola_kemi03: #StreetLeaks PHOTOS; See the Primitive Village Where Women Breastfeed Animals https://t.co/bKd90SqGuu,women|woman|girl|girls|female|females,Luis,2
583,2,"Trust no female directors, so many shit out there especially those silly shit who called themselves single mother, their are potential slut https://t.co/XM4f9bvQqN",women|woman|girl|girls|female|females,Luis,2
612,1,"RT @Austinesom: Girls out here hatin on Temi otedola, wit flimsy excuses dat shes a billionaire daughter. 
Bitch just learn from her give d‚Ä¶",women|woman|girl|girls|female|females,Luis,0
1169,0,"Omg!The guy in this picture leaks this pretty girl sex video on BBM

18+ Only See Video Here=-&gt; http://t.co/nsA7267gpd",women|woman|girl|girls|female|females,Luis,2
656,1,"@MerhmoudX @Bulamacartoons @DokunOjomo @bulamabukarti Omo, if you fall mugu, they chop you. Meanwhile, tell your terrorist brothers to stop Killing and raping women..anuofia",women|woman|girl|girls|female|females,Luis,1
1178,0,"@ClassicFM973 @temiokomi Crying, moaning, just can't wait til morning
Waiting too long
Finally yuh come a long
Baby love
Explain yuhself, baby girl
Lead out! Lead out, lead out, lead out",women|woman|girl|girls|female|females,Luis,0
1173,0,"RT @CaptJamyl: Buy her the World, you can only get her attention but never her Love. If a Woman Loves you, what u give her won‚Äôt matter.‚Ä¶",women|woman|girl|girls|female|females,Luis,0
1168,0,"RT @kusssman: Show off your girl , She no be palliative.",women|woman|girl|girls|female|females,Luis,0
1164,0,Everybody might b bad to 2u buh u need a gud girl 2 blow ur mindüôÖ http://t.co/FeRbeifFkf,women|woman|girl|girls|female|females,Luis,0
509,1,"@KizzyIfeanyi @officialbasil2 @SirUTI Fuck this is 3much mehhhn...Staning that girl is enough mishap, dashing him this insult has although made him more miserable but a waste of your effort in replying a typical low class fool like him
#BBNaijaLockdown #layconandErica",women|woman|girl|girls|female|females,Luis,1
194,0,"@Sonjoe_Kutuh @mickybabz @Dehkunle @colomental_ @Tife_fabunmi @Nobodyexx @Kinglamarr___ @waxzyy_ @BigMan_Xander @Alex_Houseof308 @AsiwajuLerry @Views09 How will one girl kill a dog
Signs of end time I see",women|woman|girl|girls|female|females,Luis,0
1153,0,"RT @JoostBrokamp: Dressing modestly doesn‚Äôt mean you need to wear a granny dress! Be that hip, gorgeous, yes even sexy, Godly dressed woman‚Ä¶",women|woman|girl|girls|female|females,Luis,0
659,0,RT @nypost: Man tries to rape woman on Midtown sidewalk https://t.co/nuvRQHzWpN https://t.co/eo90DPWdoS,women|woman|girl|girls|female|females,Luis,0
274,2,"If A Girl Asks Her Dad For Money And He Says No, It Means Her Father Doesn't Have. But When She Ask BF And He Says No, He's A Stingy Bastard",women|woman|girl|girls|female|females,Luis,1
1163,0,"RT @PhilipObin: ""I know this picture won't get plenty likes and RTs because this woman isn't half naked. 

We tend to focus on girls postin‚Ä¶",women|woman|girl|girls|female|females,Luis,0
721,2,"Why are nigerian girls so primitive? Buy me KFC chicken, she says wen did she bcom my MAGA! If I buy, u no go chop @Orekebills",women|woman|girl|girls|female|females,Luis,0
1184,0,"RT @IFM923: #NP ""Birthday Girl"" - @SAMKLEF ft @MisterMayD #BreakFastJam with @ruffydfire &amp; @chiomabbb https://t.co/xqvRCFX2dB",women|woman|girl|girls|female|females,Luis,0
1144,0,@PrinceSomorin @Lord_lawee Beautiful girlsüòç. What are their names?,women|woman|girl|girls|female|females,Luis,0
401,0,"@djsheylex Some dumb ass girls will think this is real shit pfff...like wtf that's a balloon and she let all the air out don't be decive guys pls don't be decive 

Ladies don't kill ursef takin a big dick in cus ah that's a huge lie
Best 2020 trick HV ever seen 
@Pornhub hope y'all can see",women|woman|girl|girls|female|females,Luis,0
753,0,"RT @Ojay_B: Nothing I love more than a woman that can shapeshift.

Going from a beautiful bum to a regal queen in a split second.",women|woman|girl|girls|female|females,Luis,0
632,1,Did TBoss just called  Gifty a second bitch wen she is d real whore in d house huh...you are the real bitch girl gift is better  #BBNaija,women|woman|girl|girls|female|females,Luis,1
134,0,"RT @duchess_of_oau: If you think I am scared of a cockroach, ant, rat or something as a female, that I will runaway whenever I see one, the‚Ä¶",women|woman|girl|girls|female|females,Luis,0
723,3,@Nwanlecha1 Ebonyi girls are like the wives of hunters and gatherers...so primitive with sharp cheek bones!,women|woman|girl|girls|female|females,Luis,3
690,0,RT @peacefmonline: SAD-STORY--PHOTO-Of-A-Vulture-Waiting-For-A-Starving-Sudanese-Girl-To-Die-So-It-Can-Feast-On-Her https://t.co/sn8kkbILyn‚Ä¶,women|woman|girl|girls|female|females,Luis,0
236,2,"@Tife_fabunmi Pls don't put the blame on him...the girls are to be blamed
Why will someone threaten me on live video assuming we met face to face that on is different...buh live video the girls sef won do am no,na Dem useless there selves
Mo jeri arami",women|woman|girl|girls|female|females,Luis,0
132,0,"Imagine make boy tell girl,do u knw u have ""cockroach nutrients?""",women|woman|girl|girls|female|females,Luis,0
689,1,"RT @IamFinero: :'( ""@chinwegil: Bance is a Hybrid between a Female Ostrich and a male Vulture.. #OkBye""",women|woman|girl|girls|female|females,Luis,0
65,2,"Men are Scum! Men are Scum!  Why are women still buying attraction oil, so you all want to attract scum bags abi?",women|woman|girl|girls|female|females,Luis,1
1154,0,But i am tired of Sabrina and Calvin situation. I really am. The time Tyler P wasted on their situation should have been better spent building on Aaron and Karen's relationship. We have seen a woman build up a man too many times. When'll we see a man hold up a woman? #SistasOnBET,women|woman|girl|girls|female|females,Luis,0
430,0,Reconstruction!!! Woman Gets New V.agina From Pigs‚Äô Intestine http://t.co/kUEVEvJpLo via @NL_Official,women|woman|girl|girls|female|females,Luis,0
1149,0,"Whether caused by armed conflict, natural disaster, women, girls are hurt the most - Irina Bokova, Dir-Gen @UNESCO #GirlDay2017",women|woman|girl|girls|female|females,Luis,0
63,0,"@awelewa34 @Kelvinkelz84 @aproko_doctor He doesn't mean it. He wants girls to feel what men are feeling when they say ""ALL men are scum!""

Thats the taste of how it feels",women|woman|girl|girls|female|females,Luis,0
102,2,@Favour71713799 @ggbrokensilence @tthewallflowerr I don't know what brought INDIAN's into dis mata.  All I said dress well. U can't say u can dress anyhow n don't except d idiots that rape to stay calm.  And my dear don't attribute RAPE to women alone.  Male gender gets raped too..  You can give ur points without insults dear.,women|woman|girl|girls|female|females,Luis,2
660,0,@lesbian_word @alexinwonland @Judith_Char How about women who rape children? Do you hate women too? Or just a double standard human?,women|woman|girl|girls|female|females,Luis,2
1158,0,9 Signs You Are Not The Main Girl But His Side Chick https://t.co/hTcIO0vjdb,women|woman|girl|girls|female|females,Luis,0
196,0,@creativekimmm was right when i said to go to college A bitch is a female dog I'm not one School would make you a better person not racist,women|woman|girl|girls|female|females,Luis,0
1151,0,"RT @xjesswalkerr: hot girls are born in may, june, july and august",women|woman|girl|girls|female|females,Luis,0
400,1,"Some useless guys be like I have a girlfriend but I like you,and only a useless girl will fall for that #shit.",women|woman|girl|girls|female|females,Luis,0
558,0,RT @PenAbdull: So that chaste women can easily be identified from animals https://t.co/s4vQBMHWI7,women|woman|girl|girls|female|females,Luis,2
300,1,@kamanzigkalisa @DawgsOnTop44 @stuartpstevens @Redistrict You are a moron if you think an Indian who jailed black women will turn out black people,women|woman|girl|girls|female|females,Luis,0
329,0,"RT @Chris_ti_nuh: @OliviaPress @simbojune Exactly, I get now why men cheat on the dumb girls repeatedly because they blame everybody else e‚Ä¶",women|woman|girl|girls|female|females,Luis,0
185,3,"@Billfran6ix @IGoparaocha But if yorubas call you their own, u go vex, what is imi nkita, is it everyone from there that eats dog",yoruba|yorubas,Luis,3
59,0,"RT @OtunbaCoff: Last week, Yoruba men are scum! 
Yesterday, Yoruba men are romantic! 
Today, Yoruba men are bad! 
Tomorrow, Yoruba men are‚Ä¶",yoruba|yorubas,Luis,0
716,0,Alhassan Saleh: Amotekun Shows How Primitive Yoruba People Are ‚Äì Miyetti Allah,yoruba|yorubas,Luis,2
392,0,"i hear @quee_n2: Seriously?! ""@Deankelly_4eva: so that dude that acted as gwen's bro in merlin is a yoruba dude ?! oh shit! O_o""",yoruba|yorubas,Luis,0
1091,0,@isholamd @DeleMomodu @RiikeIshola1 @RasaqAdisa67 @olusolade No Oba in Yoruba land has such right sir.  You can only give the one that represent your domain.,yoruba|yorubas,Luis,0
1080,0,RT @Prettypova: How many movies will yoruba actors do about Dagrin sef,yoruba|yorubas,Luis,0
260,1,@vanguardngrnews My headache and anger is that this is coming from a Yoruba man. What a very  perfect definition of bastard!,yoruba|yorubas,Luis,2
458,1,@realFFK You are a liar. All your effort to play the pro-chirstian card is just for 2023. You have lost it. Your hypocrisy is beyond imagination. You can fool your type not sensible Nigerians. When did FFK become the voice of the yorubas and christianity. Cover your face in shame.,yoruba|yorubas,Luis,1
1076,3,"@thekas_xo Iwon ba ni idi ma n to bi'

I hope my Yoruba is correct üòÄ",yoruba|yorubas,Luis,3
231,3,"@IBRIS_PLC @fimiletoks You know who your master is. The ones who called you primitive on TV. Anyway, some stupid Yoruba people talking trash on this useless tweet, the bigots looking for bigots, do not speak for the tribe so I'll hold my peace but don't stop being stupid, it's your forte.",yoruba|yorubas,Luis,2
95,2,"@SaharaReporters Soon, their books of condolences will be signed by their fellow brainwashed fanatics.
#YorubaNationNow can't be stopped by some idiots Yoruba Islamists fanatics.",yoruba|yorubas,Luis,3
90,2,@MobilePunch If Sunday talks some Yoruba idiot obas will come out and talk rubbish,yoruba|yorubas,Luis,0
605,0,@owenebruba i really need to suck that boob.I beg hook with the bitch.I'm yoruba too.,yoruba|yorubas,Luis,X
1062,3,"RT @AfroVII: Yoruba people will show concern but will garnish it with cussing you out. 
""E Pele, iru orun buruku wo l'e sun yen""",yoruba|yorubas,Luis,3
24,1,@BeingRe01067588 @BayoAdedosu Agbaya.. That is what yoruba call people like him... Elders are suppose to be wise but this man is as stupid as a 5 year old who thinks he is smart.,yoruba|yorubas,Luis,1
796,1,"OBASANJO IS A BABOON, MONKEY IN THE FOREST, GORILLA KINGDOM, HIS CHILDREN AND HIS YORUBA PEOPLE WILL SUFFER‚Äì Obasanjo http://t.co/M45hWGl2vI",yoruba|yorubas,Luis,1
58,1,Femi is d original yoruba demon dat made men r scum popular. https://t.co/SerJGmHOJb,yoruba|yorubas,Luis,0
1065,0,@kayodeteslim Yoruba,yoruba|yorubas,Luis,0
1061,0,"RT @EmekaGift: Be Prepared To Welcome Oduduwa Republic Soon, Akintoye Tells Yoruba People https://t.co/hlKNDg3TyK",yoruba|yorubas,Luis,0
356,2,@TheMofeoluwa Sorry to say this but seeing a Yoruba man eating dat draw soup is so disgusting ü§Æü§Æü§Æ ewudu n something,yoruba|yorubas,Luis,2
795,1,"@Olamoyegun_Kay @APCNigeria @fkeyamo This is crap, on national division and desperation to gain power Mr. President is caught saying that should he loose an election the dogs and baboons will be soaked in blood, his vp is the one roaming around yoruba land planting divisive statement and you open mouth to talk?",yoruba|yorubas,Luis,0
1066,3,@lekan_kingkong Run the Yoruba commentary √®gb√≥n Leko edakun,yoruba|yorubas,Luis,0
749,0,"Yoruba actress, Tonia Okoro says she stripped before actors to prove her bum is natural: 
Yoruba actress, Ton... https://t.co/vU9fpNIxee",yoruba|yorubas,Luis,3
454,2,"üòÇüòÇüòÇüòÇüòÇüòÇüòÇüòÇ @AybeeOmari: Yoruba men lie.
Tailors are liars.
Yoruba tailors, Forget it, 
You will never see your cloth again.""",yoruba|yorubas,Luis,2
550,2,@seyiamakinde @JajaPhD You ban an open grazing for this Animals . Really. Damn Yoruba‚Äôs are fool and coward,yoruba|yorubas,Luis,2
23,1,I love the fact that even the certified morons &amp; devils in this country are weary of messing with the might of the Yoruba media prowess in Nigeria.  All these crazy people that throw stupidity hate and mischief disguised in tha name of opinion and politics know when to be stupid,yoruba|yorubas,Luis,0
261,1,"@chaplinez70 Stop defending Jose , he‚Äôs a murder fucker....why did he sign Salah when he‚Äôs got like 5 wingers? Waste of fund....we yorubas calls it ‚ÄúAPA‚Äù . Obviously he doesn‚Äôt hv plan for Salah, he only signed him just to deny others from getting him. Fucking bastard!!!",yoruba|yorubas,Luis,1
264,0,"@Ayooebun @willyyyy__ @sediinam Imagine  someone say olosho, omoale didirin in yourba (imagine all the yoruba expressions)
Then someone give you same expressions with whore,  bastard, imbecile. 
The message is passed.... But e no fit be like..........you get",yoruba|yorubas,Luis,0
