index,class,second_class,text,ethnic_keyword,name,Unnamed: 6,Unnamed: 7,
620,2,3,"RT @NoneonRecord: "" I was a church boy for a good part of my life. So, I was sometimes whore by night, Christian by day, if I can put it li�",christian|christians,Niyati,,,
438,0,0,"RT @livechristian1: Jesus Loves: 

Sinners 
Liars
Christians
Non Christians
Poor 
Rich
Black
White
Republican
Democrat
Saved
Not Yet Saved�",christian|christians,Niyati,,,
878,0,0,"RT @Ezepatricktwit1: BREAKING:

Redeemed Christian Church, RCCG Alapere, Lagos on ?? with many cars inside ???.. Hmmmmm https://t.co/I7lgOf�",christian|christians,Niyati,,,
533,0,1,"RT @newsbreakngr: Christians, Pastors Call Us Idiots, Animals For Doing Our Job � Lagos FRSC Commander https://t.co/bmiDq6W7bk .@FRSCNigeria",christian|christians,Niyati,,,
702,0,2,"RT @WhitefieldG: If you would walk with God, you will associate and keep company with those that do walk with him�the primitive Christians,�",christian|christians,Niyati,,,
479,0,1,"@DavidOyedepoMin @BishopDOAbioye If u give God anything less than ur best, u've not regarded Him as God. Don't fool urself &amp; say ""Well, God understands"". If u understand who this God is &amp; what He's given to u, u'll be up &amp; doing. God doesnt relate to all Christians the same way. Some are Sons, others are babes?",christian|christians,Niyati,,,
761,1,3,You've just lost votes from the Christian fanatics. You've corrupted the Heb 13:8. Your dad is now their Jesus ba? ??????? https://t.co/SRdgFanWfJ,christian|christians,Niyati,,,
870,1,0,RT @Thegod_Man: Christians shouldn't engage in gender wars.,christian|christians,Niyati,,,
244,1,3,"If there are two christians and they do not understand each other,then one of them must be a bastard in christ jesus.",christian|christians,Niyati,,,
115,0,0,"@Adaolis_a Lisa... She was expelled because they felt she dented their image and brand. Babcock is a business enterprise, forget that it's a christian school.They need to protect their image.I am sure if you buy a gala and see a cockroach in it, would you still wanna patronise that brand.",christian|christians,Niyati,,,
621,2,2,"I completely agree with CAN on this. May we also remind CAN to direct equal amount of energy to the more degrading houses of whores called  'Christian' churches whose outlook, activities,&amp; dressing cultures promote immorality &amp; precipitate rape, and other atrocities.#lockdownbb https://t.co/IflwdZVGkQ",christian|christians,Niyati,,,
72,2,2,@tsafa_d @Truthfully83 @PastorEAAdeboye The most wicked Christian pastors are redeem pastors. Wicked thieves. Everyone of them. Useless idiots,christian|christians,Niyati,,,
340,3,3,"@kimistiredofitt Christians are disgusting? 
This generation smh",christian|christians,Niyati,,,
339,0,1,"@CNN The Left are increasing becoming annoying and disgusting. Their hate against White, Christians, morality and everything humanly reasonable can best be described as the ugly emergence of Frankinstein monsters!",christian|christians,Niyati,,,
47,2,0,"Sometimes Christians think that to live a life truly honoring to God we must be self-sacrificial to the point of martyrdom. If we do not believe we are the scum of the earth, then we doubt our humility.",christian|christians,Niyati,,,
875,0,0,Bible Short Reports: Problem-Solving Christian Articles for This Week All About Bible Success Principles https://t.co/Rbf40pEPEM,christian|christians,Niyati,,,
847,0,0,"RT @wordsepic1: Governor Ajimobi�s Daughter Rocks N640k Christian Louboutin Heels (Photo)
https://t.co/WSYHGEUjtZ",christian|christians,Niyati,,,
440,3,1,"@Imamofpeace Liar! Am not a Buharist, and also not foolish. Google and find out the places where insurgency/banditry are taking place, see if the victims are Christians. All you do is to spread hatred between us, you will not succeed. May God expose your identity to our Christian brothers.",christian|christians,Niyati,,,
879,2,3,RT @guidinglightGLA: 74. The word worldly means flesh or canal. This type of Christian is more likely to follow the physical senses and fal�,christian|christians,Niyati,,,
437,0,0,"If someone says, �I love God,� but hates a Christian brother or sister, that person is a liar; for if we don�t love� http://t.co/9g5Fm1tyMx",christian|christians,Niyati,,,
208,2,2,"@erefitei You fools should channel your anger towards your useless, incompetent leaders, should Christian also start mentioning top Imams and Alfas? Don't be stupid.",christian|christians,Niyati,,,
478,1,1,@Real_AdaKing @HananyaNaftali Religious fools are praying for Israel that are using sophisticated weapons to defend themselves. Who do us in Africa.. I guess these moron s don't know Christians in Israel are just 2% of their population... ? ? ?,christian|christians,Niyati,,,
619,0,0,"RT @Capstoneonline: ""The Bible speaks in symbolisms. For instance the whore is a Christian who has fallen spiritually"" Dr @olubijohnson
#re�",christian|christians,Niyati,,,
482,2,2,"Sharrap fool""@Slimtallswagful: The most lazy people in d world are christians..they just want miracle""",christian|christians,Niyati,,,
143,0,1,"A PROBLEM AND PROBLEMATIC CHRISTIAN IS ONE WHO ONLY WANTS TO HEAR AND KNOW WHAT GOD CAN DO FOR HIM/HER WITHOUT CARING TO LEARN AND KNOW HOW GOD WANTS HIM/HER TO LIVE FOR HIM AND PLEASE HIM.

JESUS DID NOT DIE 0N THE CROSS FOR YOU TO MAKE YOU A PARASITE FOR HIMSELF.",christian|christians,Niyati,,,
3,X,2,"A group of people against anything good, don't want western education but enjoys everything produced by knowledge acquired through it, won't establish schools except koranic schools but come to impose their stupid beliefs in Christian schools, what a people.",christian|christians,Niyati,,,
848,0,0,"RT @gabriel_specter: Good morning and happy new week Christian Twitter.

Last week, we did great for the Gospel. This week, we do even more�",christian|christians,Niyati,,,
861,0,0,Would You Rather Spend $90 on a Christian Louboutin Lipstick or $90 to Get a Bunch of Other Products Instead? http://t.co/UuYYV1tZrA,christian|christians,Niyati,,,
700,2,2,@Phoseka @camhove @souladamstweets @hi_kuboss @Ciku_Muriithi My question to Christians is why do you guys hate everything ancient or primitive?,christian|christians,Niyati,,,
849,0,0,"RT @tise_world: Join us at the Christian Community Church @ Benson Street, Off Akerele, Surulere Lagos by 11pm on Friday, 6th Feb.. http://�",christian|christians,Niyati,,,
207,1,1,Useless and Shameless @BarackObama and @David_Cameron that suports the killing of Christians and dictatorship in nig https://t.co/yrfsuWZg2A,christian|christians,Niyati,,,
762,2,2,"@DrLawalSir @_MindSculptor @FeralJack_ Your inability to see beyond religion has blinded your ability to be coherent. Since you Christians or better put, religious fanatics seem to feel like saint that's why I termed you holy one. You're the one acting indiscreetly Mr. I'm being moved by reasoning and not sentiment.",christian|christians,Niyati,,,
854,0,0,We now take our congregational #hymn ?God give us Christian homes? #ThirdService #MarriedAndSingles,christian|christians,Niyati,,,
880,0,0,"Why it is wrong to see the Pope as a Christian (one who trusts in Christ ALONE for their salvation). We have only one mediator, and He is Yeshua (Jesus) the Christ, and by the work of the Holy Spirit, Christ's redemptive work is applied to all who believe. This is fundamental. https://t.co/ZfHvGX5cei",christian|christians,Niyati,,,
0,0,1,"@RealSolaKuti Most senseless tweet and most gullible tweets ......amd before you all open big mouths, I stayed in the North East and I am a Christian. Again, this is the most stupid stweet I have seen ever",christian|christians,Niyati,,,
163,0,0,"RT @TheFastShow1: The Christian Cops; Stolen dog
#TheFastShow https://t.co/F92lfarCf2",christian|christians,Niyati,,,
884,3,3,Ati christian o ati unchristian o...ko bojumu. https://t.co/KFlUmIgHmY,christian|christians,Niyati,,,
342,2,3,@AKingAndMore @comr_anya @SaharaReporters You better not be a Christian and you're uttering this vile comments... Very disgusting..,christian|christians,Niyati,,,
876,0,0,RT @is_salsu: I�m a Christian and will never be ashamed to say God is my Father.,christian|christians,Niyati,,,
672,2,2,"@Dee1music @christongray Just because you are Christian don't mean you are no vulture.

Thatz one strong word",christian|christians,Niyati,,,
1,1,1,"@Ijeoma85501 @Jonahelijah9 I love how you are frothing. You irredeemably foolish kitten?

You jump and scream and shout like you love God more than other Christians yet you are still a bloody fornicating sinner like the rest of us. 
 You are too daft to fight for Christ. He thinks you are stupid too. ?",christian|christians,Niyati,,,
845,0,0,RT @ChelseaFC: Lampard reports that Ben Chilwell is in the squad tomorrow. Hakim Ziyech and Christian Pulisic are getting closer to fitness�,christian|christians,Niyati,,,
1266,0,0,RT @Biafranewspoint: @radiobiafralive #Biafra: Asaba Shut Down! Market in protest HAPPENING NOW @BBCAfrica @UN @cctvnewsafrica https://t.co�,eastern|easterner|easterners|biafra,Niyati,,,
529,1,1,RT @Princesnide: @MaziNnamdiKanu The country zoo is totally messed up because those old fool's and they still don't want let biafra go http�,eastern|easterner|easterners|biafra,Niyati,,,
1276,1,1,"They preach #Democracy! 
But When the chips are down, the fantastically corrupt #Slavemasters from @GOVUK &amp; their #SlaveHunters in @HQNigerianArmy &amp; @PoliceNG use #Force of arms to settle an important political question of freedom of indigenous people of #Biafra.
@CatrionaLaing1",eastern|easterner|easterners|biafra,Niyati,,,
71,3,3,@DailyPostNGR Keep rulling Biafra will come chase you out you scum,eastern|easterner|easterners|biafra,Niyati,,,
732,3,3,"Chike ffed up sha... mana ya diba... people all over the world travel at different times...

Thanksgiving
Sallah
New Year
Tov

Na only eastern people own come be primitive... ya diba sha...",eastern|easterner|easterners|biafra,Niyati,,,
1279,0,0,"RT @NkirukaNistoran: Join Us Live On
Radio Biafra SA
Nigerian govt 
Where is Biafra leader #NnamdiKanu? 
Where are all Biafra freedom fight�",eastern|easterner|easterners|biafra,Niyati,,,
43,0,0,RT @RipplesNG: #Biafra: 'We may do something stupid' @thebiafratimes @NwajiugoG @radiobiafralive @alertigbo @valbrownmc @chine4u #biafraexi�,eastern|easterner|easterners|biafra,Niyati,,,
243,3,0,@AlExVaLnAtIoNs2 @Ann46268908 @MrAfobaje Niger delta will not be with your biafra nation and we will also seek to break out of the useless nigeria nation as well... Most of you here have already shown that there will be no difference between biafra and nigeria...,eastern|easterner|easterners|biafra,Niyati,,,
1252,0,0,RT @biafra_tv: BREAKING: FACEBOOK CEO MARK ZUCKERBERG SHUTS DOWN RADIO BIAFRA LONDON FACEBOOK GROUP AND ACCOUNTS BELONGING TO IPOB� https:/�,eastern|easterner|easterners|biafra,Niyati,,,
242,1,3,"This now very obvious IGBOPHOBIA to what end?
Oduduwa republic and no one gives a care, but the mention of BIAFRA, everyone starts screaming.
Unfortunately, we have the worst set of politicians, useless lots,
Kanu should also calm down cos who dem wan burn no dey bath with petrol",eastern|easterner|easterners|biafra,Niyati,,,
1273,0,0,"RT @DavidOl57450723: Mazi Nnamdi Kanu is agitating for Biafra, likewise Sunday Igboho for Oduduwa

What is Sheik Gumi agitating for?",eastern|easterner|easterners|biafra,Niyati,,,
807,3,3,"Femi Fani-Kayode, Biafra and Buhari�s dogs and baboons https://t.co/ZQwKaikzDF",eastern|easterner|easterners|biafra,Niyati,,,
841,3,2,@MobilePunch God who do us this thing???? these men are blood ? sucking demons??coconut heads??? they are busy doing nothing but to eat money ? Eastern Nigeria shame on our governors especially Abia State governor with BIG head???,eastern|easterner|easterners|biafra,Niyati,,,
203,1,3,@Buchyogba @markessien The same Eyo Ita Zik chased away like a dog as Premier of Eastern region when his adventure in western house failed woefully?,eastern|easterner|easterners|biafra,Niyati,,,
1267,0,0,"Couple of weeks ago, Five Star Music general, Kcee announced his upcoming project �Eastern Conference�. Following the announcement, Kcee comes through with a new single �Doh Doh Doh�, produced by Blaq Jerzee. The song... https://t.co/EajxNWbpvY",eastern|easterner|easterners|biafra,Niyati,,,
1254,3,0,"@bolajoko_dre @djWakhode @AdejoroDaniel Biafra will be like George Orwell's ""Animal farm"" for other Ethnic groups",eastern|easterner|easterners|biafra,Niyati,,,
778,0,0,"Eastern conference finals, MIAMI HEAT vs CHICAGO BULLS!! Basketball fanatics like me can't wait for dis matchup. I Lov the NBA!!",eastern|easterner|easterners|biafra,Niyati,,,
670,0,0,"Born from rape, some children in some parts of Edo State after the Biafra War were named according to how they were born. 

The names had prefixes like ""Okwo-"", e.g. Okwoba (red is the color of war), Okwodiaghe (War is not worth watching). 

 #rape #biafra #BlackLivesMatter https://t.co/zW0SkIqXtu",eastern|easterner|easterners|biafra,Niyati,,,
530,3,1,"@churchillnnobi,u are a Fool is Biafra or nothing",eastern|easterner|easterners|biafra,Niyati,,,
286,1,2,"@nubianafliktion You son of old whore,the whore ashawu that nigerian soldiers fucks during biafra war bastard!!!",eastern|easterner|easterners|biafra,Niyati,,,
370,2,2,Eastern Nigeria pidgin is disgusting https://t.co/jaxRpR6BbP,eastern|easterner|easterners|biafra,Niyati,,,
528,1,3,"@danny_charis @AreaFada1 What's the question, what are you saying?! Is Biafra a pack of sugar or a tin of milk?

Biafra was born but dead. How long will you fool around before you face reality?

FG and her family members only got the palliative none sense...",eastern|easterner|easterners|biafra,Niyati,,,
731,0,0,"Singer, Chike Apologizes To Eastern Nigerians For Calling Them Primitive

https://t.co/FsbFYocH93",eastern|easterner|easterners|biafra,Niyati,,,
413,1,1,"@DailyPostNGR Even an illiterate will know this is just one stupid and dumb, shit to frame Biafra",eastern|easterner|easterners|biafra,Niyati,,,
699,3,2,RT @agbataeze: BIAFRA: GATHERING OF VULTURES AND THEIR FAILED SUMMIT https://t.co/EoMGHEBC73,eastern|easterner|easterners|biafra,Niyati,,,
1247,0,0,"RT @firstladyship: The Biafra genocide ended 51 years ago. So far, Nigeria refused to address the issues that led to the carnage. True Fede�",eastern|easterner|easterners|biafra,Niyati,,,
369,2,2,"@OgbuefiTochi @McPhersonAzubu2 @ohansfav1 @Onwukamartins2 @david_okpokpor @DeAmy_July @SavvyRinu I'm from Anioma and Anioma belongs to Delta State and South South. Oga unity beggar, please focus on ur biafra and leave other zone alone bcs is very obvious that no one even wants to associate with you. The more you force it the more disgusting you guys becomes.",eastern|easterner|easterners|biafra,Niyati,,,
1259,0,3,"Got a �the governor of ____(one eastern state) is my friend and he has promised me the gig� pitch from someone I know. Well, let�s just say Governor no come through and my guy japa to UK with all my savings that I put in as investment. https://t.co/nGro2MXxuj",eastern|easterner|easterners|biafra,Niyati,,,
759,0,0,"Amber Turner, 24, revealed she underwent a non-surgical bum lift to get her posterior incredibly peachy on Instagram ahead of her sun-soaked Middle Eastern getaway https://t.co/zqY40tRObK https://t.co/CbqId4LJmj",eastern|easterner|easterners|biafra,Niyati,,,
1274,0,3,"RT @mefonna: An example of the fake news by Nig agents.Nigeria fabricates fake news on Biafra and Nnamdi Kanu,they push it out and then to�",eastern|easterner|easterners|biafra,Niyati,,,
476,3,1,@hshm10 @kcnaija You are a bloody liar... No one in Bornu Nigeria doesn't know Kanu. He is OHAMADIK 1 of Ala #Biafra.,eastern|easterner|easterners|biafra,Niyati,,,
1286,0,3,"RT @Amaka_Ekwo: �Quit order good for Biafra, bad for business� - The Nation Nigeria https://t.co/fn1hs4L1rc",eastern|easterner|easterners|biafra,Niyati,,,
1057,3,3,"RT @EdoIpob: Please make this public 
 till the  Benue Gov Ortom  takes responsibility, some  Nigeria Fulani army just  kidnapped 3 of  our�",fulani|fulanis,Niyati,,,
1037,0,3,RT @GetRich2000: Terrible things.. Gun shots everywhere in Oyigbo. I�m there. No sleeping for us tonight. Fulani boys escorted by the Niger�,fulani|fulanis,Niyati,,,
256,2,3,@iyke_nwabuko I v never for once see what ESN is doing as wrong... The little fear Bastard Fulani still have is bcoz of ESN,fulani|fulanis,Niyati,,,
257,2,2,"Sometimes, Fayose is my guy. Other times I just cringe at his actions.But on this murderous Fulani bastards, I support him! KILL THEM ALL!",fulani|fulanis,Niyati,,,
576,2,2,"@itz_PrevinMusic @OdyssonM @MaziNnamdiKanu U talk about condom only, that's the length u must have gone on immortality, at least I represent my root and they are proud of me, you are a dullard, a slave to Fulani grand master, how did they initiate u? Sodomy?
Slut u are
Bird of no nest, charlatan!
Disgrace to the industry",fulani|fulanis,Niyati,,,
293,3,3,@AriyoFolayan @DeeOneAyekooto Why don't you visit #Gandollar probably you wil get your own share just as your moron messiah is praising Ganduje as a responsible man.A man that is eating up tax payers money in foreign currency is called responsible by Buhari.U will surely end up in the hands of fulani militia,fulani|fulanis,Niyati,,,
548,2,3,"In the U.S dogs are the most popular animals, but in Nigeria it is cows, because the Fulanis love their cows so much and they want everyone to love their cow just the way they do.
No way for RUGA 
I say no to RUGA
I will 'peacefully protest' against RUGA settlement if need be.",fulani|fulanis,Niyati,,,
1050,3,3,"Southeast governors should raise up this is what is expected from this governors that claim they are protecting us, but all of them are errand boys to fulanis. @MaziNnamdiKanu https://t.co/5gMR6faB3S",fulani|fulanis,Niyati,,,
549,2,2,"RT @Mclawrenceco: They've deployed Fulani people to disrupt the protests, stay safe y'all. People were killed like animals at Apo yesterday�",fulani|fulanis,Niyati,,,
225,2,2,"@AbbakarGiwa @ogundamisi What investigation did you carryout before concluding that ipob is behind Gulak's murder?
Fulanis has killed over 5millions Nigerians just to preserve their useless ""one Nigeria"" mantra.
And that does not bother you,
Anuofia.",fulani|fulanis,Niyati,,,
1046,0,0,"RT @TosinOlugbenga: More than 20 people have been allegedly killed in Igangan, one of the towns in Ibarapa North LG in Oyo State, as Fulani�",fulani|fulanis,Niyati,,,
1054,3,3,"RT @FRNCitizens: FULANI claimed responsibility for the attack on Ortom, police said they lied.

BH said they shot down airforce Jet, Air fo�",fulani|fulanis,Niyati,,,
17,2,2,@Yusufu_AYD @boridammy @HillaryClinton @TundeTASH @MBuhari @HQNigerianArmy Stupid Fulani idiot of a boy.,fulani|fulanis,Niyati,,,
1039,0,0,"Please Don't Start To Done it here??? Meuveee

Lori iro|#RevolutionNow|Okocha|Amaechi|Seun|Fulani|#OccupyLekkiTollGate|#EndSARS|Channel TV|#ValentineWeek|Apple|Lagos| https://t.co/omlduHLLI0",fulani|fulanis,Niyati,,,
1044,3,3,"RT @TosinOlugbenga: I have never heard of Miyetti Allah until Buhari became President..

I grew up to know Fulani herdersmen rearing their�",fulani|fulanis,Niyati,,,
1043,2,2,RT @JBOY02675747: Disowning #IPOB will tell you how afraid they are about their masters #Fulani caliphate. https://t.co/RCoz9y2zRC,fulani|fulanis,Niyati,,,
1033,2,2,@solid1009  I am tried of dis fulani people. Dey should stop dia evil act b4 it is too late for dem ooo bcos everybody have end time.,fulani|fulanis,Niyati,,,
451,3,3,Comment on Emir Of Kano Is A Liar � CAN Blasts Sanusi Over Claim That 800 Fulani People Were Killed In Taraba by� https://t.co/AliIP3CusJ,fulani|fulanis,Niyati,,,
602,1,2,"@GarShehu @DanielOnjeh Ppl need to be wise and stop running after illiteracy, if u are not educated it doesn't mean u will killing like cow and goat, Fulani value their cow same as farmer value their crops no excuse for any ignorant bitches.",fulani|fulanis,Niyati,,,
793,3,3,"We will make the Baboons &amp; Monkeys Bathe in their Own Blood - Buhari, 2014.
This is the only Campaign Promise fulfilled by Buhari so far. It is obvious that the said Baboons &amp; Monkeys are the Armless &amp; Defenseless Non - Fulanis in Nigeria. My Heart Bleeds for the People of Benue.",fulani|fulanis,Niyati,,,
684,3,3,"RT @gaslinezoneaba: Just in : vulture died after eating poisonous cow meat inside slaughter market. Biafrans stop eating cow meat, fulani's�",fulani|fulanis,Niyati,,,
1045,0,3,"RT @uche_ezeonye: BREAKING: 19 Feared Killed In Fresh Plateau Attack by Fulani Militants.

Fulani Militants declare war on Nigerians, defen�",fulani|fulanis,Niyati,,,
421,2,2,@Waspapping_ @lil_desperado_ Most Hausa people on this app are so disgusting. You be number for the list?. Pig,hausa|hausas,Niyati,,,
744,2,2,"These Hausas and photoshop get problem. I think they need to be enlightened more on what photoshop means! #LekkiMassacre was photoshopped, dangote�s bum was photoshopped too. Animals.",hausa|hausas,Niyati,,,
221,1,1,"How about Ibadan killing of Hausas?

You guys are so useless. https://t.co/NyXKGZXzlH",hausa|hausas,Niyati,,,
1017,0,1,RT @Waspapping_: It�s inferiority complex that�s causing all these Hausa hatred we are seeing on the timeline.,hausa|hausas,Niyati,,,
321,2,2,"@AhmadUmarBaba5 @Binn_joe @SaliimMuhd @Suleey7 It has been known and proven that most Hausa people are dumb! 
You�re very dumb! Very very",hausa|hausas,Niyati,,,
449,3,3,How on Earth will An Hausa man interpret English language to the owners of The language?Who should define Terrorism well? Mr liar or USA?,hausa|hausas,Niyati,,,
351,3,3,@AsiyaKyari Ki fada da Hausa year uwa. Allah tsine musu. This is disgusting.,hausa|hausas,Niyati,,,
56,2,3,What�s up with giving credits to Hausa men on twitter today. I thought we all agreed that men are scum.,hausa|hausas,Niyati,,,
353,0,3,"RT @eltama007: One day we'll talk about how disgusting our attitudes are to our own culture. If you like Hausa songs, they'll label you 'da�",hausa|hausas,Niyati,,,
650,2,0,"@mujeedatl76 I ever had a row with some hausa guys about Rapists. Do you knw what they said, ""Walahy a lady is the one that brought rape on herself"" they said, indescent dressing is a call for rape.. And tht day i knew how dead their conscience was. If they were hia, they'll say its her fault",hausa|hausas,Niyati,,,
220,1,0,Please what does this useless thing means ? I guess is not hausa https://t.co/7A6nmgHmR7,hausa|hausas,Niyati,,,
1007,0,3,@YaxsyMand Bad luck or iftilahi in hausa,hausa|hausas,Niyati,,,
1009,0,2,"RT @abati1990: Federal Ministry of Health, kindly send a copy of your advisory on meningitis ?to Gov. Yari. Translate it into Hausa for him�",hausa|hausas,Niyati,,,
1016,0,3,@ismaeel11233 @atiku When we get their we will know wether is Hausa country or our country.,hausa|hausas,Niyati,,,
546,0,3,"RT @K1Says: Please,help me warn our hausa brothers&amp;sisters,it is not ""toothpaste weds Animal calling"", its Tuface weds Annie Macaula ...",hausa|hausas,Niyati,,,
712,0,0,RT @has_elmohamady: There�s is uniqueness in our own primitive designs (Hausa traditional architecture)which is gradually being abandoned a�,hausa|hausas,Niyati,,,
767,2,2,"@Chinyamasiani @Alqaseemnabanki A Hausa man is an ungrateful human. Hypocrites, fanatics,pretenders and evil doers",hausa|hausas,Niyati,,,
472,0,0,�You Are A Liar��Miyetti Allah Hits Back At Ortom Over Claim Herdsmen Attacked His�Convoy https://t.co/PnS9hoa4At,herdsmen|herdsman,Niyati,,,
840,2,2,"You get coconut head aswear.?
You have bandits, Boko Haram and killer herdsmen terrorising your region but you want to cause disunity over here. https://t.co/E1u2gKjXOX",herdsmen|herdsman,Niyati,,,
565,3,0,Her assertion can be understood 'cause the herdsmen are supposed to be shepherds, but wrong &amp, shouldnt be accepted if herdsmen have to put the cattle before a human life. That attitude of caring for animals to the extent of endangering &amp, killing your kind is evil. No exoneration. https://t.co/Vc7Utcd3cv,herdsmen|herdsman,Niyati
1235,3,2,"At least, we know what these ones are fighting for (even if it�s ingenuine)
Please what are herdsmen fighting for? https://t.co/B77yboWVOb",herdsmen|herdsman,Niyati,,,
838,3,1,"Oh i even forgot that this government has handed security of lives and properties  to God ( without giving Him security vote ooo) . They are merely securing the lives of the herdsmen. 
Garuba and his cronies are coconut heads",herdsmen|herdsman,Niyati,,,
1243,2,0,"RT @renoomokri: Buhari was not not elected to ban Twitter. 
He was elected to ban: 

Hunger
Killer Herdsmen
Insecurity
Terrorism
Illiteracy�",herdsmen|herdsman,Niyati,,,
38,2,2,"@yusuffAzeez16 @SaharaReporters @tundefashola As stupid as you are today is Jan 29 you claimed to have received February salary, can you see what you are doing to yourself by lying and using double standard.Tell me which company pays Feb Salary in Jan? Except for those defending killer herdsmen &amp; online party liars",herdsmen|herdsman,Niyati,,,
729,2,1,Had i known this president's mindset is primitive wouldnt even spend my energy writing all this stuffs 4years ago .....here we are...with kidnapping and killing by herdsmen at its all time high ...yet the commander in chief hasn't said a word .. https://t.co/tES7R7EppN,herdsmen|herdsman,Niyati,,,
136,3,2,"@SaharaReporters This is for farmers who received N10,000 Trademoni and believed that herdsmen killings will end if @MBuhari gets a second term: ""A cockroach is never innocent in the court of hens""",herdsmen|herdsman,Niyati,,,
1241,3,1,"RT @Tutsy22: Since you guys are so useless, let me update you on some national news:

1. Herdsmen killed 5 in Benue. 
2. Six killed, 20 wou�",herdsmen|herdsman,Niyati,,,
520,2,2,"@Smartgazzy @realFFK @GEJonathan May herdsmen visit u or anyone u love....then u will appreciate the need to have even one voice that will speak up for u. This is not about sentiments or appointment, @realFFK  is speaking out ....if ure brave enof , SPEAK OUT or forever remain a fool/slave",herdsmen|herdsman,Niyati,,,
1244,3,3,"RT @cbngov_akin1: ""We couldn't perform well because of herdsmen attacks""-Ortom

But the FG is not owing u allocations... 
Or u saying the a�",herdsmen|herdsman,Niyati,,,
1236,0,3,RT @MobilePunch: Herdsmen attack Ogun teachers on way to school https://t.co/xmMt6dfuTl,herdsmen|herdsman,Niyati,,,
39,1,3,@adeyanjudeji Very stupid of you so this time is not the herdsmen right? wawa dabba kawai shashasha jobless Dan iska...,herdsmen|herdsman,Niyati,,,
159,2,2,I was blocked by @facebook for reporting all the atrocious acts of the marauding herdsmen on my page @thepoliticalrebirth. I will not keep quiet. I called them out. They�re savages and parasites. This another of their evil @realFFK @renoomokri @tvcnewsng https://t.co/L9izIlMigU,herdsmen|herdsman,Niyati,,,
695,0,3,"Herdsmen poison 6 lions, 74 vultures to save cows @NaijDiaspora https://t.co/P7n5I4BQK3",herdsmen|herdsman,Niyati,,,
1232,0,0,RT @renoomokri: I respect Sheikh Abubakar Gumi. But I disagree with his call for General @MBuhari to grant amnesty to herdsmen and bandits.�,herdsmen|herdsman,Niyati,,,
1237,0,0,Ekiti will continue to support herdsmen- Gov�Fayemi https://t.co/RwN5E2PgRB,herdsmen|herdsman,Niyati,,,
521,3,1,@iamlaughter_2 I will rather be a herdsman than be a fool like you. Omo ale,herdsmen|herdsman,Niyati,,,
608,3,3,@Fehiintola M.D m.D for life. Dear @officialnairam1  a.k.a Igbo labi..  Someone just said we can't make it because we're marlians. Come &amp, educate the bitch,igbo|ibo|ibos|igbos,Niyati,,
27,3,3,"@DOlusegun believe he has resumed drugs and igbo shacking.He should go back to that rehab centre in Ghana.Stupid bigot,wawa kawai",igbo|ibo|ibos|igbos,Niyati,,,
459,1,1,"@Wahrheitnur1 @Kcphilips1 @SaharaReporters @MBuhari It's a lie you are a bloody liar. Igbos stayed here and are the major suppliers of spare parts, tyres, medicine, building materials,",igbo|ibo|ibos|igbos,Niyati,,,
1099,0,0,RT @AfamDeluxo: This is the 'sleekest' Igbo dance video I have seen. He fucking killed it!!! ?????????? https://t.co/6aKQxhuSUv,igbo|ibo|ibos|igbos,Niyati,,,
1113,3,2,@NigeriaNewsdesk @YNaija Hmm Igbos kindly let us live in peace,igbo|ibo|ibos|igbos,Niyati,,,
654,3,3,"@DailyPostNGR Yet when bokoharam, kidnaps, kills rapes in the north the elites look the other way, tompolo is even begged after threatening to blow oil pipe lines, but #igbos are bombed for asking for freedom",igbo|ibo|ibos|igbos,Niyati,,,
555,2,2,"Igbo politicians are political idiots, fools, nonentities... Bastards and vultures.... Animals...@GovernorRochas @",igbo|ibo|ibos|igbos,Niyati,,,
1102,0,0,"RT @ukpuru: Details of 9th-10th century bronze pendant excavated at Igbo Ukwu, Anambra State. British Museum. https://t.co/CMz0TrnoZM",igbo|ibo|ibos|igbos,Niyati,,,
127,1,3,"@MaziNnamdiKanu @MBuhari @abati1990 @USinNigeria @StateDept @StateDeptPM @nassnigeria @JohnCampbellcfr @10DowningStreet @Number10press @SaharaReporters @DailyPostNGR @Jerusalem_Post After sending your Bingos into Bush Nigerian security haunting them killing them like cockroaches, the idea of your propaganda is getting to an end so this week is you jump into Buhari topic! I pity the Igbo Bingos that doesn�t understand you Nnamdi Usain Bolt Kanu ?",igbo|ibo|ibos|igbos,Niyati,,,
1120,0,3,"RT @DrOlufunmilayo: After the 1966 Coup;
Aguiyi ironsi was killed
But that was not enough.

30,000 Igbos killed up North.
But that was not�",igbo|ibo|ibos|igbos,Niyati,,,
1127,3,3,RT @zynnnie: For an Igbo man to leave his shop and protest. Water don pass Garri. #EndSARS,igbo|ibo|ibos|igbos,Niyati,,,
61,X,2,"@Aliyu22041996 @Neche201 @ShehuSani @UgwuonahChikod2 You're a Foolani Scum, what do you know about Igbo people and their heroes? Better don't talk what you don't know. Fool.",igbo|ibo|ibos|igbos,Niyati,,,
653,1,0,"When we were focused on some other issues, the @HouseNGR has approved the $22.7billion loan request kicked against by the Southeast. This is complete rape of democracy. The @NGRSenate, @HouseNGR, and the administration of @MBuhari  and @NGRPresident keep shortchanging the Igbos. https://t.co/69K8tMNYna",igbo|ibo|ibos|igbos,Niyati,,,
396,0,3,@pharm_UC @wakawaka_doctor @aproko_doctor I'm an igbo man and I'll like to tell you that the shit is sweet,igbo|ibo|ibos|igbos,Niyati,,,
62,0,0,"STOP SPREADING HATE MSGS! By the way I am IGBO! @mcvaaey Igbos re d scum of d Earth. Jeopardizing d future of Nigerians..kill them all""",igbo|ibo|ibos|igbos,Niyati,,,
798,0,0,"@chopsrepublicng Antelope - Igala/Agbonrin
Grass cutter- Oya
Bush rat - okete
Monkey- Obo
Hedgehog - Akika/Aaka

Bush fowl - Aparo
Buffalo- Efon
Porcupine- Lord
Baboon - Inoki
Boar - elede igbo
08068520851(mtn) @chopsrepublicng",igbo|ibo|ibos|igbos,Niyati,,,
1128,3,3,"@RitaOnwurah Rita! ????

What is this thing with geolocating insults?

Its a thing I notice Igbos do a lot. 

It's hilarious...
and very often accurate.",igbo|ibo|ibos|igbos,Niyati,,,
553,0,1,"General buhari calls a conference in less that two because his genocidal tweet which was aimed at the igbos,was deleted,but people are being slaughtered every day like animals and he says not a single word,The system of government in Nigeria is corrupt to the very core #KeepitOn",igbo|ibo|ibos|igbos,Niyati,,,
630,3,2,"Lmaoo RT @amakaati: RT @Loretta_Chinxy: Thnk God Its A Mumu Fact Tho RT @1Demola: ? RT @MumuFacts: 50% of Whores in Nigeria are Igbo's.""",igbo|ibo|ibos|igbos,Niyati,,,
554,0,0,"RT @IgboHistoFacts: Names of Animals in Igbo Language:

Cat - Nwamba
Vulture - Udele
Crocodile - Ag?iyi
Lion- ?d?m
Sheep- At?r?
Elephant- E�",igbo|ibo|ibos|igbos,Niyati,,,
506,0,0,"@Nwafresh @YeleSowore I'm an Igbo man. 

I'll protest. 

Capital fools are the ones who keep quiet in the face of injustice.",igbo|ibo|ibos|igbos,Niyati,,,
325,1,2,Ki#DPE@tweet_dopeshit: The urge for Money led a Dumb igbo guy to kirikiri for burgling into a blacksmith kitchen in search for a Pot of Gold,igbo|ibo|ibos|igbos,Niyati,,,
1199,2,2,Very trueRT @TWEETORACLE: It is UNAFRICAN to be GAY,lgbt|lgbtq|lgbtq+|gay|gays|lesbian|lesbians|transgender|transgenders,Niyati,,,
663,0,3,@nanayawsuspence @mihitantum @AsieduMends @__theSeyram @Views09 @fixondennis @daddys_girlT @AbenaMole @fyne_fii @gyaigyimii They are interested because his gay that's what is catching their attention low key they all be homophobic but hiding under rape ...,lgbt|lgbtq|lgbtq+|gay|gays|lesbian|lesbians|transgender|transgenders,Niyati,,,
1191,3,3,"RT @EditiEffiong: SARS bullet no select whether you be straight or LGBTQ. If you like be distracted. 

You can�t protest against injustice�",lgbt|lgbtq|lgbtq+|gay|gays|lesbian|lesbians|transgender|transgenders,Niyati,,,
1207,0,2,I heard a lady just discovered that her husband of three years is gay.... wtf,lgbt|lgbtq|lgbtq+|gay|gays|lesbian|lesbians|transgender|transgenders,Niyati,,,
434,2,2,"Wallahi if u equate lesbians &amp; homosexuals 2 animals lyk pig then u r not being fair 2 animals, even animals don't hv desire 4 the same sex!",lgbt|lgbtq|lgbtq+|gay|gays|lesbian|lesbians|transgender|transgenders,Niyati,,,
1214,2,2,@captain_crabb @andrewskipper96 @savanaheden are u all gay? I wonna know,lgbt|lgbtq|lgbtq+|gay|gays|lesbian|lesbians|transgender|transgenders,Niyati,,,
1189,2,2,"Ladies,its not every time we ask u to visit, we want sex.We just want our neighbors to see us wit a lady to confirm,we re not GAY https://t.co/tnGZHmrlGf",lgbt|lgbtq|lgbtq+|gay|gays|lesbian|lesbians|transgender|transgenders,Niyati,,,
1196,0,0,"Cardi B�s fiance, Offset draws criticism over anti-gay lyrics https://t.co/cYyaiRMHnB",lgbt|lgbtq|lgbtq+|gay|gays|lesbian|lesbians|transgender|transgenders,Niyati,,,
468,3,3,"Liar.. So u wia xpectin ur gay hommie shey? 3-| in d pic sef RT @bayotelli: Guy!! I go snap shw u.. Mke I cum finish na lol RT""@balami_",lgbt|lgbtq|lgbtq+|gay|gays|lesbian|lesbians|transgender|transgenders,Niyati,,,
757,3,3,"GAY OLOSHO DIARY ENTRY 001

Dear Bottoms; 

   Don�t stress your tops, except Oga tells U he likes taking off your clothes and looking forward to it, don�t be wearing jeans to hook ups, invest in bum shorts and sweat pants. They are very easy to take off or pull down ?",lgbt|lgbtq|lgbtq+|gay|gays|lesbian|lesbians|transgender|transgenders,Niyati,,,
431,2,3,Gay is for pigs and is totally out of men of honour,lgbt|lgbtq|lgbtq+|gay|gays|lesbian|lesbians|transgender|transgenders,Niyati,,,
515,2,2,"@Tru_Ishh I dnt plame u at all,hw I my nt sure dat u ar a gay fool",lgbt|lgbtq|lgbtq+|gay|gays|lesbian|lesbians|transgender|transgenders,Niyati,,,
365,0,2,"""Two Gay Boys Caught Having Sex In School Hostel Watch Video Here http://t.co/rTBJfnumOR"" so disgusting",lgbt|lgbtq|lgbtq+|gay|gays|lesbian|lesbians|transgender|transgenders,Niyati,,,
1209,2,2,RT @Fredderapman: If you be fine @boy too much them say you turn gay!,lgbt|lgbtq|lgbtq+|gay|gays|lesbian|lesbians|transgender|transgenders,Niyati,,,
638,3,2,"Youths gushing over a news, where a whore and a trans-gay man are fighting over a married Man, both boasting about their leaky ass and loosen pussy, in a third world country with a million issues...Una weldone!!!
#bobrisky #NkechiBlessingSunday
#endsars #EndBadGovernanceInNigeria",lgbt|lgbtq|lgbtq+|gay|gays|lesbian|lesbians|transgender|transgenders,Niyati,,,
69,2,2,@katalyst6001 Men are Scum but lesbians are cheating on each other ?,lgbt|lgbtq|lgbtq+|gay|gays|lesbian|lesbians|transgender|transgenders,Niyati,,,
334,3,3,"RT @Aphrodi_Tee_: Which type of dumb logic is this please? Pele o, Kinetic gay.",lgbt|lgbtq|lgbtq+|gay|gays|lesbian|lesbians|transgender|transgenders,Niyati,,,
238,0,3,"""@kal_harion: ""@IamEtubo: Kala... Gay Alert* RT @Ayoolagbemisola: @kal_harion thanks my useless CEO *wink*"" 14yrs activated*"" 14yrs 2 much o",lgbt|lgbtq|lgbtq+|gay|gays|lesbian|lesbians|transgender|transgenders,Niyati,,,
836,3,3,RT @purpledaisess: Too many red flags in this story ?but we lesbians do usually have coconut head ? #TwoTwosPodcast,lgbt|lgbtq|lgbtq+|gay|gays|lesbian|lesbians|transgender|transgenders,Niyati,,,
1210,0,0,"RT @bright___r: The Vatican says catholic priests will never bless Gay union/marriage because it�s a sin &amp; the LGBTQ people are livid. 

Is�",lgbt|lgbtq|lgbtq+|gay|gays|lesbian|lesbians|transgender|transgenders,Niyati,,,
1224,0,0,"RT @Adukebey__: gay or straight 

rape is rape",lgbt|lgbtq|lgbtq+|gay|gays|lesbian|lesbians|transgender|transgenders,Niyati,,,
364,2,2,Dez peeps lamenting bout this anti-gay Law are really becoming as disgusting as d act itself. Even animals don't do or advice same sex na.,lgbt|lgbtq|lgbtq+|gay|gays|lesbian|lesbians|transgender|transgenders,Niyati,,,
804,3,2,Gay baboon doesn't know about getting consent? https://t.co/V6cB5pxnvc,lgbt|lgbtq|lgbtq+|gay|gays|lesbian|lesbians|transgender|transgenders,Niyati,,,
1186,3,3,"RT @amirijeanbandit: Lil Nas X : I�m gay 

Y�all when he do some gay: https://t.co/RCQfKRB58w",lgbt|lgbtq|lgbtq+|gay|gays|lesbian|lesbians|transgender|transgenders,Niyati,,,
146,X,1,"Parasites,Pretenders and interlopers should stop poking their noses in the affairs of muslims #MURIC",muslim|muslims|islam|islamic,Niyati,,,
166,1,0,"@PoojaMedia ???
...But what is the thing with Muslim don't eat Pork?

What is the thing about Muslim not having Dogs and some of them have Cat as a Pet.

Though,I know of one Alhaji that own dogs.

Can someone explain the reason behind this whole thingy?",muslim|muslims|islam|islamic,Niyati,,,
705,2,2,@ayemojubar I'd rather worship a goat than be a Muslim. Very primitive cursed religion,muslim|muslims|islam|islamic,Niyati,,,
485,3,1,"You're just a fool, using the name #islam in getting popularity in Nigeria. What is ur problem? U better comport urself. We Nigerian are bigger than u idiot https://t.co/3Da1aZsWPT",muslim|muslims|islam|islamic,Niyati,,,
209,1,1,@CBSNews Bloody bastard go and do it yourself useless old fool who�s only job is to brain wash people then going into hiding if you are really fighting a  good course then stop hiding come out plain. Giving Islam a bad image but you won�t succeed unless idiots,muslim|muslims|islam|islamic,Niyati,,,
674,2,2,"RT @Amaka_Ekwo: @james_schuur @jihadwatchRS
Yes!
Buhari is a Sunni Islam Fundamentalist; now using some Nigerian Army Vultures &amp; Vampires t�",muslim|muslims|islam|islamic,Niyati,,,
921,0,3,"RT @geotaha: I don't know Penabdul in person, all i know is that he is a good student of Islam, calling him ignorant because you have acces�",muslim|muslims|islam|islamic,Niyati,,,
310,1,3,"@rafiabousalhab @TheNotoriousMMA He don't..he just talks too much plus he going to be in dubai the whole Ramadan, he needs to say that shit so he doesn't look like a dumb fuck that he is around Muslims..",muslim|muslims|islam|islamic,Niyati,,,
623,2,3,@FS_Yusuf_ God punish lugard and his whore including anybody in UK that got hands in the force amalgamation cos I shouldn't be sharing country with bunch of nonentities extremists jihads claiming to be upright or true Muslims,muslim|muslims|islam|islamic,Niyati,,,
165,2,2,@flexyabdul @daily_trust Islamic dog you are. Wait for him. He'll teach you guys a lesson you'll never forget,muslim|muslims|islam|islamic,Niyati,,,
919,0,3,"""@DOlusegun: #Dheadlines: Anti-Islam film: US flag burnt as soldiers open fire to disperse protesters| oh my God!""",muslim|muslims|islam|islamic,Niyati,,,
537,0,0,"Narrated Anas bin Malik:
Allah's Messenger (?) said, ""There is none amongst the Muslims who plants a tree or sows seeds, and then a bird, or a person or an animal eats from it, but is regarded as a charitable gift for him.""

Sahih al-Bukhari 2320 
In-book : Book 41,",muslim|muslims|islam|islamic,Niyati,,,
593,2,1,"RT @xoAminaSheikh: Most Muslims are scared of what Non Muslims think about us, thats cuz most of you are little bitches.",muslim|muslims|islam|islamic,Niyati,,,
6,3,3,@Belshagy You want to interrupt your stupid ideology religion belief into there government. There Muslim there are not fools or blind Mr,muslim|muslims|islam|islamic,Niyati,,,
887,0,3,"RT @MobilePunch: People praising Buhari are liars, hypocrites � Islamic cleric https://t.co/27z0KIjBFT",muslim|muslims|islam|islamic,Niyati,,,
899,0,3,"RT @MobilePunch: Pantami was imam when ATBU Muslim community issued fatwa, killed my son in a mosque �Prof - Punch Newspapers https://t.co/�",muslim|muslims|islam|islamic,Niyati,,,
920,0,0,Happy https://t.co/q7TOBaRlLa kareem to all muslims brothers,muslim|muslims|islam|islamic,Niyati,,,
917,0,0,"RT @Realoilsheikh: Dear Muslim sisters,

Normalize marrying Muslim brothers from other tribes, as long as they are Muslims of proven charac�",muslim|muslims|islam|islamic,Niyati,,,
571,2,2,RT @pali_xox: Wow Muslim men really be wearing shorts above their knees??? Smh sluts.,muslim|muslims|islam|islamic,Niyati,,,
814,2,2,"@LuqmanTI_2 @DoctorEmto Another stupid Muslim, I said what I said, go fvck yourself! Islam religion a religion of peace? Lol my ass! And remove that your dotted coconut head from my face, terrorists in disguise. When you kill for Allah you will inherit jahana with 9 virgins or whatever it? mtchewww!",muslim|muslims|islam|islamic,Niyati,,,
641,X,1,Liar. Islam does not support rape. If you have sex with a 13 year old. It is rape. You can not tell me Islam is pro rape. So you and anyone who agrees is a liar/ has been led astray https://t.co/IwbvVSxdkP,muslim|muslims|islam|islamic,Niyati,,,
417,0,3,"RT @officialgidip: Boko Haram terrorists are our Muslim brothers, shouldn�t be killed like pigs: Minister Pantami: President Muhammadu Buha�",muslim|muslims|islam|islamic,Niyati,,,
902,3,3,"RT @isidags: Muslims here shouting it's disrespectful putting a beer in front of him.

But it ain't disrespectful him getting cheques that�",muslim|muslims|islam|islamic,Niyati,,,
570,2,3,"RT!! Photos: Muslim street preacher calls fellow Muslim 'prostitute, Satan and a slut' for w... https://t.co/TTDMyOK5nL via@Newsalert NG",muslim|muslims|islam|islamic,Niyati,,,
624,2,2,"Happy Eid Il Fitr to all my Muslim friends...
Finally y'all can eat and fornicate around like the whore y'all are. CONGRATULATIONS!!!",muslim|muslims|islam|islamic,Niyati,,,
886,0,0,"RT @BashirAhmaad: In a message to Muslims commemorating the birthday of Prophet Muhammad (SAW), President Buhari urged all citizens and the�",muslim|muslims|islam|islamic,Niyati,,,
167,3,3,"Chines were killing Muslims and their scholars killed by dogs the whole world quite, now the Almighty has power on them for coronavirus and some of them end by dongs backing...
Ya Rabba protects our iman.... Ameen",muslim|muslims|islam|islamic,Niyati,,,
913,3,0,"RT @Q_Ameenah: Retweet for awareness, O you Muslim. ??",muslim|muslims|islam|islamic,Niyati,,,
375,3,3,"RT @Hyperddeen: April bull shit dnt celebrate anytin is useless nd lies, lies is haram in islam so becareful wit yahud nd nasara."" http://t�",muslim|muslims|islam|islamic,Niyati,,,
312,3,1,"If you believe being a Muslim makes me a terrorist, seeing a dumb skull makes you one.",muslim|muslims|islam|islamic,Niyati,,,
346,2,2,Northerners are definitely given preferential treatment in this country. Disgusting. https://t.co/LlKJPJRs4C,northern|northerner|northerners|arewa|almajiri,Niyati,,,
539,2,2,"@MaikudiMuhammad @renoomokri @MBuhari @renooomokri I should decamp to a nearby country, you just agreed you are a terrorist. I am just happy the whole poverty and killing is happening only in the north. Now you see why northern Nigeria is where animals live. From young to old are brainless in the north",northern|northerner|northerners|arewa|almajiri,Niyati,,,
933,0,0,Our eyes we the northern have to be opened by know https://t.co/wAP0nVax6P,northern|northerner|northerners|arewa|almajiri,Niyati,,,
937,0,0,"RT @julietkego: I hope people will not pretend not to see and hear that since yesterday, many Northern elite have roundly/vocally condemned�",northern|northerner|northerners|arewa|almajiri,Niyati,,,
211,0,2,"Presidency To Northern Youths : Thank your stars we are in democracy, 

Me : Useless Govt maybe If not for Democracy you will kill them as you did to IPOB https://t.co/y4cIk8Pews",northern|northerner|northerners|arewa|almajiri,Niyati,,,
594,1,2,"The place where men behave like lil amateur bitches learning the trade, arewa Twitter is nothing but a shade room for hopeless men trying to gain attention.",northern|northerner|northerners|arewa|almajiri,Niyati,,,
120,3,3,"@iChopTweets Initially I thought it was the fact that they where populous in illiteracy, then saw  Adamu Garba and the arewa cockroach guy. 

Bro Mental slavery is a really real thing.",northern|northerner|northerners|arewa|almajiri,Niyati,,,
815,3,3,@MakwarariBala @Rahma_sadau Rahama to arewa twitter :�I get coconut head I no Dey heya word� ????,northern|northerner|northerners|arewa|almajiri,Niyati,,,
347,2,2,RT @X_eenat: It is so hardddd not to be tribalistic right now. Most of these northerners are disgusting! Are you blind? Did they buy your b�,northern|northerner|northerners|arewa|almajiri,Niyati,,,
955,0,0,"RT @__usyy: AN OPEN LETTER TO NORTHERN LEADERS CONCERNING THE RAGING INSECURITY THE REGION IS FACING.  

Reweet aggressively till they get�",northern|northerner|northerners|arewa|almajiri,Niyati,,,
493,2,3,"@muh_hood @didier________ @davido U are a big fool
So even at this hard time , u are still happy that the northerners are the ones ruling the country abi? No wahala , as una nor wan get sense Boko Haram and bandits go continue to dey deal with una mercilessly, idiot",northern|northerner|northerners|arewa|almajiri,Niyati,,,
946,2,3,"@__bilqeesa Aboki I wan buy suya,  How much u dey sell?.... Illiterates #NigeriaDecides2019Result #Northerners #NigeriaDecidesRigged",northern|northerner|northerners|arewa|almajiri,Niyati,,,
119,3,3,RT @Justleigo: @DaudaJibrin13 @AishaYesufu Wait... So edo people are cockroaches while arewa people are butterflies??? No wonder!! I saw tw�,northern|northerner|northerners|arewa|almajiri,Niyati,,,
627,0,1,"@ShwagDr Calm yo titties down, lil whore. ?????? Arewa the album is mad dope. 100milliom streams in 24hours",northern|northerner|northerners|arewa|almajiri,Niyati,,,
147,0,0,"�Northerners Are Not Parasites, We Discovered Oil� ��NCM https://t.co/e0o8vmfrYB",northern|northerner|northerners|arewa|almajiri,Niyati,,,
444,2,3,"This ignorant and amateur liar thinks that Nigerians are as ignorant as their almajiri followers, and can not read in between the lines. U begged them to stop kidnapping, they told u why they are kidnapping, and gave u a condition that u must meet before they will stop, and u are",northern|northerner|northerners|arewa|almajiri,Niyati,,,
313,1,3,"This kidnapping of 600 boys was a planned thing, Nigerians are not dumb. Kidnap them and release them to gain trust in the non educated northerners when he wants to run for election again, sai baba he rescued our boys so will vote for him again.",northern|northerner|northerners|arewa|almajiri,Niyati,,,
78,2,2,@HassanBalaKanam @tesseract___ Na only God will punish this almajiri and janjaweed idiot. Have you asked your parents why the north is the poverty capital of Nigeria? Have you asked your parents why you people are backward in everything.#BuhariMustGo,northern|northerner|northerners|arewa|almajiri,Niyati,,,
170,2,2,"@GazetteNGR You�re a northern, The system does favors you. I bet your life depend on your income! Nigeria is a jungle, ruled by animals. Dog food!!",northern|northerner|northerners|arewa|almajiri,Niyati,,,
8,3,1,RT @STWKadaria: Reports of protests in Kano. Who is hell bent on destroying Arewa and why are we so STUPID that we don't realise what is go�,northern|northerner|northerners|arewa|almajiri,Niyati,,,
626,3,2,"@BlessedWithout @Brightsmithjnr1 @oba2311 Whore, one of d youths I mentor Does he look  like  a criminal ?  Ur  dad and mum lived a useless life , that same path u re today, reason ur life is that of  e-rat and twitter almajiri  so that u will be able to feed .  Wait o, has ur poor parent pay their ONE ROOM RENTAGE ? https://t.co/IHXfKxEZqB",northern|northerner|northerners|arewa|almajiri,Niyati,,,
9,3,3,"@Elserliez @BleedingPen5 @ProfOsinbajo @hassan_uga What has your president done to end the killings of your northerners member from Boro-haram??
Coming here to defend this stupid administration, God punish you people there...",northern|northerner|northerners|arewa|almajiri,Niyati,,,
788,2,2,@FalaluAbdulla16 @naija_swags @Flexiblexxx These are the type of northerners we are implying ........brainwashed baboon,northern|northerner|northerners|arewa|almajiri,Niyati,,,
934,3,3,RT @thecableng: Kukah: There could have been coup if a non-northern president practised nepotism like @MBuhari | TheCable https://t.co/b5i9�,northern|northerner|northerners|arewa|almajiri,Niyati,,,
965,0,3,"RT @AM_Saleeem: At this juncture, we can now all agree that their hatred and bigotry is not for Northerners, Almajiri or Aboki but for ISLA�",northern|northerner|northerners|arewa|almajiri,Niyati,,,
816,1,3,"""2015 POLLS: OBJ, Jonathan scramble for Northern govs"" http://t.co/jHzYz3iS  -  Two coconut head!",northern|northerner|northerners|arewa|almajiri,Niyati,,,
349,2,2,@Denzelsunday @umnas001 @Imamofpeace @IDF @UN @realDonaldTrump @SecPompeo I wonder the kind human being that gave birth to all this northerners! Some of their brothers and sisters are being slaughtered like a fowl by Boko Haram and still you see most of them defending Buhari and Boko Haram! Such a disgusting Tribe!,northern|northerner|northerners|arewa|almajiri,Niyati,,,
945,3,0,"Yet some people in Arewa here  hypocritically want SLS to bend and greet the elders, the thing is that no matter how old or rich you are, you should respect anyone occupying the throne. https://t.co/HTPokJuDSW",northern|northerner|northerners|arewa|almajiri,Niyati,,,
944,0,0,"RT @Moh1Prince: #SundayIgboho to Sorosoke Generation.

#RevolutionNow|Unilag|Arewa Twitter|Ahmed Musa| Lampard|Chelsea|Havertz|Ancelotti| #�",northern|northerner|northerners|arewa|almajiri,Niyati,,,
572,X,2,@Nyibango95 @MaryamDzs @Rahma_sadau @sadaupictures1 @teema_sadau @rahamasadau_ @Abdullahijegah_ @eluxeey The greatest slut ever produced in north.. How i wish she ain't northerner,northern|northerner|northerners|arewa|almajiri,Niyati,,,
941,0,0,Northern Governors Forum condemns abduction of school children in Zamfara - https://t.co/UWRGAmKPK5 https://t.co/GFo7fU5D1N,northern|northerner|northerners|arewa|almajiri,Niyati,,,
625,3,3,"RT @AM_Saleeem: They framed Dangote with an old whore and they call it man to man issue, it's not enough, now they're dragging Arewa Twitte�",northern|northerner|northerners|arewa|almajiri,Niyati,,,
948,3,3,"RT @tainkobo_: The mindset of yan arewa ( kuyi Allah ya�isa ai komai daga Allah ne )

The sermon was done in 2010 but it still valid https:�",northern|northerner|northerners|arewa|almajiri,Niyati,,,
709,2,2,"@FS_Yusuf_ How could any sane person compare Dubai with the backward, primitive and redundant Northern Nigeria? If an educated Northerner can post this I wonder how the brainwashed illiterate masses will think. Well, nothing from the North surprises me anymore",northern|northerner|northerners|arewa|almajiri,Niyati,,,
935,3,3,RT @jagganiyu: Arewa people are meant to protest the most. Killings and kidnappings on a daily basis but bigotry won't make them strive for�,northern|northerner|northerners|arewa|almajiri,Niyati,,,
381,3,3,"@TruthNortherner @success_imprint We actually didn't miss all the red flags. We knew his performance portfolio was shit.

I also knew that he is not the man to have on your side in the storm, never for once did he use his platform to address societal issues like Northern killings, education, underage marriage..",northern|northerner|northerners|arewa|almajiri,Niyati,,,
739,2,2,I original skipped this post but going back to the comments.. if I was in the north this arewa people would have killed me... Ordinary low back cos apart from the low back nothing else... Me wey go observe salat finish only to wear bum shorts up and down the area... Ani e gba dun https://t.co/1oYa8eREWF,northern|northerner|northerners|arewa|almajiri,Niyati,,,
976,3,3,"@mandamundi It'll only actually work in U/rimi axis. In southern kd or chikun, they'd rather continue with their keke rides.",southern|southerner|southerners,Niyati,,,
996,0,0,RT @GazetteNGR: Southern Nigeria not created for open grazing: Gov Umahi https://t.co/EZy5sjUgS4,southern|southerner|southerners,Niyati,,,
997,0,0,"RT @ReutersAfrica: Nigerian protests seeking an end to alleged police brutality were held nationwide on Tuesday, spreading to southern oil�",southern|southerner|southerners,Niyati,,,
992,2,3,RT @Mus6ey: Imam of Peace and his fellow Southern Nigeria bigots are trending #BuhariResign Because of their hatred against Buhari and Nort�,southern|southerner|southerners,Niyati,,,
598,2,2,"@Asemero1011 @I_Am_marwa To hell with u son of a bitch.!! Never insult Buhari here, if u dare to, go and insult his at front of ur fada or ur fucking moda, and u say u r pure southern blood, who cares..? No matter Wat you'll die and become food to those things dat I'll not even set ma eye on dem, better",southern|southerner|southerners,Niyati,,,
172,0,2,"#listeningto ""Earl Klugh, Southern Dog"" http://bit.ly/jbTvC1",southern|southerner|southerners,Niyati,,,
84,2,2,A lot of Southerners are educated fools and idiots. https://t.co/GFE17nTUJ5,southern|southerner|southerners,Niyati,,,
497,2,2,"@ugotwitts @BashirAhmaad Don't mind that fool, if it's a Southerner, he will be like forgotten firewood to come and write rubbish",southern|southerner|southerners,Niyati,,,
978,0,0,"@KADRA_kdsg @DrHadiza @Dattijo @MLmagaji_Engr @contactkdsg @CCECC8 @kpeydothomas @Insidearewa @KadunaRenewal Look at roads in Southern Kaduna are all spoilt. Kafanchan - Kwoi road, Samaru Kataf - Ungwan Bawa road. 
When will they be remembered by the government?",southern|southerner|southerners,Niyati,,,
985,0,0,RT @bbcweather: Some heavy rain over central Scotland at the moment. Tyndrum on the southern edge of Rannoch Moor recorded 7.2mm in the hou�,southern|southerner|southerners,Niyati,,,
710,X,3,"@SaharaReporters Just lookat the kinda very primitive nomads Britain merged Southerners with, a people with primordial mindset.",southern|southerner|southerners,Niyati,,,
219,X,2,"@MobilePunch The North is full of useless ideas and ideology. Social media bill was introduced just to track and silence opinions/views from people of Southern Nigeria. The bill was killed, NIN was introduced for same purpose and now, these set of backward individuals are asking for IMEI",southern|southerner|southerners,Niyati,,,
990,3,3,"YOU MEAN IT, IF THIS IS ONE OF THE SOUTHERN NIGERIA STATES IT MEANS WE DON ENTER GBEGE FOR NIGERIA https://t.co/UI3zSVM218",southern|southerner|southerners,Niyati,,,
83,1,3,@olusogaowoeye @dawisu He is indeed foolish.These are the type of people that make people deliberately want to hate the north.Does d north own Nigeria? I was born and raised in Kano .I know what was done to southerners in Kano in 1991 cos of a Bonke crusade. I bet he wasn�t born then ..idiot,southern|southerner|southerners,Niyati,,,
447,3,1,"@HAHayatu @quinlateefa @elrufai Well,the gory images of death that came out of Southern Kaduna was and is not politics,the man is a bigot,liar and deceiver, period.",southern|southerner|southerners,Niyati,,,
11,2,2,@FASTnFIERCE @PeterObi @elrufai Southerners are politically stupid!,southern|southerner|southerners,Niyati,,,
15,3,3,@Waspapping_ You see why the Southerners use the slur � ABOKI na ABOKI�?.. just take a look at your stupid analogy.  walahi Kai jahilai ne wawa.. babu ilimi tir!,southern|southerner|southerners,Niyati,,,
173,0,3,"RT @ijawsingleforum: Southern Ijaw LGA Foropah bassan clan.

Domestic animals
Fowl...Ofoni
Dog...Obiri
Cat....Posi/Ologbo
Rat....Okei 
Pig.�",southern|southerner|southerners,Niyati,,,
677,0,0,"@gimbakakanda When you refer to southerners, who are equally your fellow countrymen, as vultures, you lose every sense of dignity and spirit of humanity.",southern|southerner|southerners,Niyati,,,
977,0,0,"RT @henryshield: Dear Southern Governor, pls respond to Malami in a way he�ll understand you�re not joking!",southern|southerner|southerners,Niyati,,,
991,3,0,"RT @oil_shaeikh: The silent approval of southern govs, politicians, support and donations of Funds to a militia leader, Sunday Igboho, his�",southern|southerner|southerners,Niyati,,,
987,3,0,RT @olusogaowoeye: The NASS should also go ahead to put down a law that ban open grazing across Nigeria by 2026. While the Southern States�,southern|southerner|southerners,Niyati,,,
292,2,1,RT @ChuksMultiP: @fkeyamo You chew stupidity and vomit  foolishness from your mouth.Half brain southern moron.,southern|southerner|southerners,Niyati,,,
1000,0,0,Southern Africa: SADC Needs N$40billion for Drought Relief https://t.co/WbojaBHZTE https://t.co/xRm28OlzDi,southern|southerner|southerners,Niyati,,,
975,0,0,"RT @FS_Yusuf_: Southern Governors didn't ban GRAZING; they only banned OPEN GRAZING. 

Get a land and rear your cattles. Farmers in the Sou�",southern|southerner|southerners,Niyati,,,
12,2,2,"River state is d most foolish n stupid state in Nigeria intens of election.Foolish politicians with foolish people living in a foolish land, I regret being a southerner.Continue killing urselves fools.",southern|southerner|southerners,Niyati,,,
819,1,2,"All these southern senators and honourables keeping mute while all this rubbish is going on should remember that this coconut head generation doesn't forget.
??",southern|southerner|southerners,Niyati,,,
319,2,2,"@Waspapping_ @JohnNetworQ @adamugarba @MBuhari Shebi it is the the southerners that are the almajiris begging on every corner of the earth, popping tiny beggars everywhere they go. The fact that you have the nerves to argue this is kind bugging and shows that you're so dumb. I blame lord lugard for merging us with cows. Ode.",southern|southerner|southerners,Niyati,,,
13,2,2,"@ayosogunro High rates of weaponized insecurity, poverty, terrorism, banditry, kidnapping, organ harvesting, thuggery and armed robbery are all fingers of politicians while united southern morons turned themselves to enemies because stupid blind stanship.",southern|southerner|southerners,Niyati,,,
972,0,3,RT @Farida_N: Southern Cameroun is always facing the wrath of an old wicked dictator. Paul Biya must go https://t.co/UTwBns4mWw,southern|southerner|southerners,Niyati,,,
1146,0,0,RT @adeolaaa_o: Pretty girl shit ? https://t.co/D4o08OdpTO,women|woman|girl|girls|female|females,Niyati,,,
1140,0,0,"RT @StarGirlDaily: Erica with her Star Girl Keke ? and stock certificate

Host @DENRELE_EDUN in the cut 

#HappyBirthdayErica https://t.co/�",women|woman|girl|girls|female|females,Niyati,,,
403,3,0,"RT @TallKGod: A lot of times I don't trust that "" best friend"" shit. I'm a female, I know how females think. Bitches not just looking for a�",women|woman|girl|girls|female|females,Niyati,,,
754,0,0,Girls that wear bum short.. Have special place in Heaven. ????,women|woman|girl|girls|female|females,Niyati,,,
800,0,2,"#GvsG : Baboon grabs female TV reporter�s breast live on air (PHOTO, VIDEO) http://t.co/bw1RCqTn8u Guysversusgurls",women|woman|girl|girls|female|females,Niyati,,,
557,0,0,"RT @omokehinde___: @ToluuO @yinkaahmad Chai, how can a human being do this to an old woman??
These guys are animals.",women|woman|girl|girls|female|females,Niyati,,,
154,0,0,RT @MsHoneyann: Malaria is a life threatening disease caused by parasites that are transmitted to people through the bites of female Anophe�,women|woman|girl|girls|female|females,Niyati,,,
1176,1,2,"When you tell a Nigerian girl I LOVE YOU. What she hears is, I will buy you house at Banana Island.",women|woman|girl|girls|female|females,Niyati,,,
28,0,0,"Foolish talk""@Proud_EkitiGirl: You're just stupid b ""@OMG_itz_Henny: Females bleed for 5-7 days once a month and still be alive that's some",women|woman|girl|girls|female|females,Niyati,,,
773,0,0,"Nigerian fashion fanatic and brand influencer Laura Ikeji complained about the difficulty of finding a competent man as a divorced woman in . ?? Jokes Naija

https://t.co/PSxiOkh1eB",women|woman|girl|girls|female|females,Niyati,,,
361,3,3,"@EVAWuk @EmmaWatson Yeah, how won't such happen when a woman can actually write a series about continuous rape in ""handsmaids tale"" -  Disgusting... Smh*",women|woman|girl|girls|female|females,Niyati,,,
833,2,2,"Ngozi Okonjo Iweala maintained her native name despite her exposures &amp; achievements.. But you'll see one coconut head girl forming porch with tore pant answering mhiz this mhiz that, itz this itz that... Etib�lib�",women|woman|girl|girls|female|females,Niyati,,,
1166,0,0,RT @MsAbomo: Looool. I take my �church girl� label as a compliment. https://t.co/Kw5evKQnFy,women|woman|girl|girls|female|females,Niyati,,,
635,3,3,"RT @YarKafanchan: Female prostitute: whore, olosho, ashana etc.
Male prostitute: personal sex staff (I don�t know what to call it)

Female�",women|woman|girl|girls|female|females,Niyati,,,
1177,3,3,@toptosyn I'm sure the 'real' woman won't want that 'other' woman,women|woman|girl|girls|female|females,Niyati,,,
1175,0,3,RT @JenniferJJacobs: A white woman on the roadside held up a handmade sign as the first lady�s motorcade passed that said �Melania Me Too.��,women|woman|girl|girls|female|females,Niyati,,,
1142,0,2,"@Pearl38249710 @itsLaycon Yo boss Rita, I made a video asking girls why they FRIENDZONE guys. My only request is you help me drop a like on the video and subscribe. Thanks, it means a lot

https://t.co/Gm9FGLTam1",women|woman|girl|girls|female|females,Niyati,,,
1141,3,2,"RT @UnijosDropOut: Am not a prophet, but I know almost all U.J girls have black BRA... https://t.co/UYtF1QdtfF",women|woman|girl|girls|female|females,Niyati,,,
466,2,2,"@Laurestar No body should believe this ashawo woman, she's a liar and a political brustitute",women|woman|girl|girls|female|females,Niyati,,,
429,0,0,Twenty women �treated like guinea pigs� sue breast implant makers after developing�cancer https://t.co/wYDF53vv7L https://t.co/5JtDJghxwg,women|woman|girl|girls|female|females,Niyati,,,
610,1,2,"@Nellystunna You dry mind that stupid bitch

Mannerless girl",women|woman|girl|girls|female|females,Niyati,,,
559,0,0,"Meet woman who enjoys sleeping with animals, especially dogs (photo) https://t.co/it9VH5oXkV via @naijcom",women|woman|girl|girls|female|females,Niyati,,,
399,3,2,"Do you see how stupid you are??? I guess not Cos this jealousy has blinded you. Go play with your age mates BABY girl.... run along. 
@oluwapelumii__ there are levels to this shit so let her be https://t.co/JEPBU524xO",women|woman|girl|girls|female|females,Niyati,,,
657,0,0,40year HIV Man Remanded In Prison For Allegedly Raping A 14year Old�Girl https://t.co/owuU4fP8X0 https://t.co/2JUCNFVRHN,women|woman|girl|girls|female|females,Niyati,,,
634,0,0,"RT @sommbonu: We keep saying ""all women are whores &amp; only money keeps them happy"". We forget our little girls hear this from us and believe�",women|woman|girl|girls|female|females,Niyati,,,
577,2,2,Using Sex Toys Is Better Than Being A Slut - Bisi Ibidapo Obe: Yoruba actress Bisi Ididapo Obe who is popularl... http://t.co/4Z1BROJrkZ,yoruba|yorubas,Niyati,,,
297,0,2,"@DailyPostNGR How can you explain this to me? Going on rampage destroying your lands with the help of IPOBS leaving behind their states intact without any harm??

Tell me your education here, explain it to me you Moron.

Yorubas have been mislead big time!

We have the Audio ?",yoruba|yorubas,Niyati,,,
126,0,3,"@EhizogieTalks Infact the first day I saw a cockroach fly ehn, as a Nigerian that I am and a Yoruba for that matter I thought it was a spiritual attack ??",yoruba|yorubas,Niyati,,,
746,3,3,@HelenPaul_ yorubas go say bum bum bisi miya bum bum bisi miya bum bum bisi miya mr macaroni tikeken tikeken,yoruba|yorubas,Niyati,,,
230,X,0,@Mr_Fabbie1 @daily_trust Just wait &amp, see how the bastard Yorubas will start regretting being born by their whore mothers. Useless barbarians.,yoruba|yorubas,Niyati,,
579,X,2,"The height of wickedness,is to make your fellow human feel less human.Judging by the unprintable things that slut Erica said to @itsLaycon this night.
Erica is just like her name in Yoruba ""Eri Ika""?meaning ""see wickedness"",with her swollen belly like Bag of Ijebu Garri.
#BBNajia https://t.co/FERGa5raN2",yoruba|yorubas,Niyati,,,
22,3,3,"#YORUBAMENFILTHYHABITS fucking stupid trending,other nigerian men have dirty habits,leave the yoruba alone",yoruba|yorubas,Niyati,,,
227,0,3,@EngrAbdoulay @vanguardngrnews You are a big fool useless lifeless animals ... We are Yorubas...  With human feelings .. Oloriburuku .. ogun go kill u ... Eranko,yoruba|yorubas,Niyati,,,
263,2,3,I won�t ever forget what you did to my friend in 100l Yoruba bastard ! � may we all heal IJN  https://t.co/iLzihg7xvX,yoruba|yorubas,Niyati,,,
603,3,3,"Looool RT""@YaYaIcyVeins: Bitch?! Rily? RT @The_Inspektour: Yoruba ppl don't even dull.... Dis old bitch brpught cooler to pack food sha!!""",yoruba|yorubas,Niyati,,,
1082,0,3,@_AsiwajuLerry C is not in the Yoruba Alphabet.,yoruba|yorubas,Niyati,,,
455,0,0,u r liars @SaharaReporters .it does not make sense. both of them are Yoruba. ur fabrications this days don't make sense at all https://t.co/6jBLzZN74O,yoruba|yorubas,Niyati,,,
502,0,0,"@OtunbaCash2 @SportsCenter Adesanya's Yoruba Language translation to English Language ~ ""I will punch you,  you will be surprised; you this dumb/fool""",yoruba|yorubas,Niyati,,,
552,3,0,"Call a Yoruba man ""Ekun (Tiger)"" or ""Kiniun (Lion)"" and he'll be extremely proud and happy of himself but if you call him ""Eranko (animal)"", he'll be super angry...Is Ekun &amp; Kiniun not an Eranko(animal)??? https://t.co/zov2bJproj",yoruba|yorubas,Niyati,,,
391,1,3,@misterbelut The way some Yoruba people carry that Lagos for head eh.... you go think say the place nah one kind small London Lol ?... Lagos nah still shit hole just like the rest of the country.,yoruba|yorubas,Niyati,,,
92,2,3,"RT @Abachainsanny: You insulted Yoruba race by saying that dude is the ""smartest"" but the bastard Yoruba idiots are goading you.
I also fee�",yoruba|yorubas,Niyati,,,
457,3,1,"@babieblaq @Deothe_weirdo Your aunty is a liar, you are a liar too.. Stayed in yoruba land for more than 4 years and learned nothing... Olodo",yoruba|yorubas,Niyati,,,
1070,0,3,"RT @kene_manuel: All hail Jack Bauer Raji Fashola - Inspector Gadget, the man who lived, the three eyed yoruba raven, the night king!

The�",yoruba|yorubas,Niyati,,,
228,3,3,"@Chxta @IamTheIroko The boys at d obas palace were actually speaking Yoruba fluently... So d agenda is dead  already,useless govt?",yoruba|yorubas,Niyati,,,
354,3,3,"RT @walecoker65: It is so disgusting and ridiculous to see Yoruba people among those downplaying the efforts of Sunday Igboho, what he need�",yoruba|yorubas,Niyati,,,
770,2,3,"@ChiefOjukwu These days, we do have some fanatics among the yoruba race especially when it comes to politics, some elements will forget they came from a mixed religion belief home and be engaging in politics of religion instead of politics of policies and ideology.",yoruba|yorubas,Niyati,,,
1068,3,3,"@bukolawosanya @iamdachreez @_Presh_PR I can say the same for Yorubas too... that I pointed out the double standard does not mean I'm playing victim... the.same people who condemned the ebonyi people are commending themselves for taking the same action.. the hypocrisy

Don't act like you have amnesia. Receipt plenty https://t.co/jk9FQycU7e",yoruba|yorubas,Niyati,,,
