"index","class","text","ethnic_keyword","hate_keyword","tweet_type","tweet_id","user_id","name"
782,0,"@elrufai he won't e even scale through APC primaries, plus the hatred he has created for himself from Christians. If the North are tired of Being a part of Nigeria, let them put El rufai forward as another buhari. Then "" the monkey and Baboon to be soak in blood"" quote 4rm BUHARI https://t.co/bKTqynKfmV","christian|christians","baboon|baboons","hate_tweets_eng_single","1,32248134584361E+018",1271392494,"Pedro"
784,0,"I can't wait to read the ""minute of a joint meeting"" where they made the plans to disrupt the ""Christian President"" presidency.

Where they planned to ""soak the baboons"" in blood.

Where they planned to ""make the country ungovernable"" for the ""Christian President"" https://t.co/MlJljAgRgk","christian|christians","baboon|baboons","hate_tweets_eng_single","1,38512986312905E+018","9,33997017562583E+017","Pedro"
592,3,"RT @v4mpgrI: bitches making fun of witchcraft and astrology while being CHRISTIANS will always be funny to me üò≠ https://t.co/61aZns5yc4","christian|christians","bitch|bitches","hate_tweets_eng_single","1,4015127211962E+018","8,53724398053994E+017","Pedro"
114,0,"@ged they must speak against the north and BH because christians have been killed in churches like cockroaches u know what I mean.","christian|christians","cockroach|cockroaches","hate_tweets_eng_single","3,44717090617434E+017",481221844,"Pedro"
811,2,"It's just d first month, n twitter is complaining abt Christians üò≠üòÇüòÇ we haven't evn started yet! Everyone has right on this app! 

This year we are coming with holyghost bang! You must be saved. You must join the chosen train. Apostle Paul, me too I v coconut head lik you.","christian|christians","coconut head|coconut heads","hate_tweets_eng_single","1,35083407518406E+018",4080491352,"Pedro"
341,0,"RT @rhemanigeria: The reverence that some Christians have for Satan is disgusting @ToksAdejuwon","christian|christians","disgusting","hate_tweets_eng_single","1,11512626563434E+018",4920462257,"Pedro"
339,3,"@CNN The Left are increasing becoming annoying and disgusting. Their hate against White, Christians, morality and everything humanly reasonable can best be described as the ugly emergence of Frankinstein monsters!","christian|christians","disgusting","hate_tweets_eng_single","1,12848565200012E+018",1230513006,"Pedro"
340,0,"@kimistiredofitt Christians are disgusting? 
This generation smh","christian|christians","disgusting","hate_tweets_eng_single","1,30400794770667E+018",362766662,"Pedro"
161,0,"#youtube Acrobat Christian Stoinev &amp; dog Percy leave the Judges in a spin| Britain‚Äôs Got More Talent 2017 https://t.co/kuYZ9yN6wX","christian|christians","dog|dogs","hate_tweets_eng_single","8,66681970461483E+017","7,9816339089621E+017","Pedro"
162,0,"@LukmanHorpe @AkogwuEdache @AishaYesufu @pastorwf_kumuyi @LukmanHorpe ; calling someone dog is totally wrong and you should withdraw your statement or delete it.. am a christian and i support the dragging or calling-out of whatsoever Pastor on this platform. Pastors are not gods. It‚Äôs easier for we youths to drag President @MBuhari","christian|christians","dog|dogs","hate_tweets_eng_single","1,3439729856324E+018",844005896,"Pedro"
72,2,"@tsafa_d @Truthfully83 @PastorEAAdeboye The most wicked Christian pastors are redeem pastors. Wicked thieves. Everyone of them. Useless idiots","christian|christians","idiot|idiots","hate_tweets_eng_single","1,36159342166064E+018",179130146,"Pedro"
143,0,"A PROBLEM AND PROBLEMATIC CHRISTIAN IS ONE WHO ONLY WANTS TO HEAR AND KNOW WHAT GOD CAN DO FOR HIM/HER WITHOUT CARING TO LEARN AND KNOW HOW GOD WANTS HIM/HER TO LIVE FOR HIM AND PLEASE HIM.

JESUS DID NOT DIE 0N THE CROSS FOR YOU TO MAKE YOU A PARASITE FOR HIMSELF.","christian|christians","parasite|parasites","hate_tweets_eng_single","1,36505038717939E+018",3217555079,"Pedro"
141,0,"The Special Assistant to President Muhammadu Buhari on social media, Lauretta Onochie has again accused the Christian Association of Nigeria (CAN) of being a ‚Äòblood-sucking parasite‚Äô in its... https://t.co/x7qfnYrT1j","christian|christians","parasite|parasites","hate_tweets_eng_single","1,01411407238243E+018",2496713311,"Pedro"
142,2,"I need a Christian to answer me please.

So, when God murdered everything on earth at the flood, did it include viruses, bacteria, and parasites? 

Or did Noah bring the viruses into the ark in twos?","christian|christians","parasite|parasites","hate_tweets_eng_single","1,3318460524928E+018",559600149,"Pedro"
703,0,"RT @stephencrose: Everything goes out of fashion as we move through our primitive modes. Like Onward Christian Soldiers. Christ does not le‚Ä¶","christian|christians","primitive|primitives","hate_tweets_eng_single","1,4004766968313E+018",138080840,"Pedro"
701,3,"@VanessaKokomama Infact, But u know wat I did I went to my pastor &amp;said since it d yourba believe ,&amp; it primitive can't we jst follow the grace giving to us cause we are not concern about the primitive culture,so therefore a christian dead should be bought home irrespective of the place of death","christian|christians","primitive|primitives","hate_tweets_eng_single","1,36568005673612E+018","1,30363898011893E+018","Pedro"
640,0,"RT @aimpurpose: Christians must be careful in our proposition of abstinence from pre-marital sex as an antidote to the issue of rape lest w‚Ä¶","christian|christians","rape|rapes|raping","hate_tweets_eng_single","1,26683647067073E+018","8,51104106626388E+017","Pedro"
45,1,"RT @ternamuse: All those people who used the phrase ""Easter worshippers"" instead of christians, are pathetic scums of the earth.","christian|christians","scum|scums","hate_tweets_eng_single","1,12032609753785E+018",570202621,"Pedro"
568,0,"@montithefirst @comandant5 @liamjajitoby Lmaoo So your years of reading the Bible told you to call me a slut abi? That‚Äôs just to say that y‚Äôall become Christians just to judge other people‚Äôs decisions. Small boy, heal","christian|christians","slut|sluts","hate_tweets_eng_single","1,26859719521066E+018","9,19328631545041E+017","Pedro"
0,0,"@RealSolaKuti Most senseless tweet and most gullible tweets ......amd before you all open big mouths, I stayed in the North East and I am a Christian. Again, this is the most stupid stweet I have seen ever","christian|christians","stupid","hate_tweets_eng_single","1,12253774937709E+018",280368721,"Pedro"
206,0,"@Dexwhytecast @elrufai aiding the killing of christians who go to worship or even pray 4 d country and useless govt? Gimme a breather.","christian|christians","useless","hate_tweets_eng_single","2,1475841289291E+017",229809746,"Pedro"
620,2,"RT @NoneonRecord: "" I was a church boy for a good part of my life. So, I was sometimes whore by night, Christian by day, if I can put it li‚Ä¶","christian|christians","whore|whores","hate_tweets_eng_single","1,29067845489621E+018",2350166040,"Pedro"
618,2,"@ivy_okoye Christian Di Whore Di Whore (Dior üíÄ)","christian|christians","whore|whores","hate_tweets_eng_single","1,38770525618069E+018","1,13652466059258E+018","Pedro"
619,2,"RT @Capstoneonline: ""The Bible speaks in symbolisms. For instance the whore is a Christian who has fallen spiritually"" Dr @olubijohnson
#re‚Ä¶","christian|christians","whore|whores","hate_tweets_eng_single","1,26715515411939E+018",1947531127,"Pedro"
881,0,"RT @HananyaNaftali: Did you know?

Since 2009, over 60,00 Christians have been murdered or kidnapped in Nigeria. Around 20,000 Christian sc‚Ä¶","christian|christians",,"community_random_single","1,45421515336133E+018","7,04763351470088E+017","Pedro"
847,0,"RT @wordsepic1: Governor Ajimobi‚Äôs Daughter Rocks N640k Christian Louboutin Heels (Photo)
https://t.co/WSYHGEUjtZ","christian|christians",,"community_random_single","8,26478439490343E+017",280027231,"Pedro"
864,0,"RT @LekeAlder: 36. Christians must be involved in the media and culture space. They create societal and political context. #Illuminare","christian|christians",,"community_random_single","7,74895339857973E+017",706362436,"Pedro"
885,0,"RT @guardian: Proud Boys and other far-right groups raise millions via Christian funding site https://t.co/SucYJCezaG","christian|christians",,"community_random_single","1,38085144852372E+018",3376978911,"Pedro"
868,0,"RT @OGBENI_BAMBAM: I cannot understand shit bcuz I am a Christian but My Love for these Citations is Loud, I have listened to it more than‚Ä¶","christian|christians",,"community_random_single","1,1638188741789E+018",2363164929,"Pedro"
872,0,"And some Nigeria Christians are defending this ? SMH https://t.co/yqqGmxT6i2","christian|christians",,"community_random_single","1,39357961267277E+018",1897260960,"Pedro"
871,0,"RT @Itz_Konani: I end this thread by saying, if you are a Christian and you side with the world against the Church you are doing the wrong‚Ä¶","christian|christians",,"community_random_single","1,06816623813485E+018",469771476,"Pedro"
880,0,"Why it is wrong to see the Pope as a Christian (one who trusts in Christ ALONE for their salvation). We have only one mediator, and He is Yeshua (Jesus) the Christ, and by the work of the Holy Spirit, Christ's redemptive work is applied to all who believe. This is fundamental. https://t.co/ZfHvGX5cei","christian|christians",,"community_random_single","1,37537788541083E+018",286731332,"Pedro"
567,0,"It is very certain that we the citizens of Biafra must take our destinies into our hands since we ar left with no choice. The Nigerian army and police have killed us enough so we say enough is enough we ar not animals even animals have right to life, how much more humans beings.","eastern|easterner|easterners|biafra","animal|animals","hate_tweets_eng_single","1,3378934953575E+018","1,24947559308466E+018","Pedro"
285,0,"Biafra: Fani-Kayode blasts Junaid Mohammed for calling IPOB members ‚Äúbastards‚Äù https://t.co/T48UBnkVco","eastern|easterner|easterners|biafra","bastard|bastards","hate_tweets_eng_single","9,17921499457229E+017","8,99725794288824E+017","Pedro"
140,0,"@HHaf009 @henryshield Eastern cockroaches? Really feel sorry for folks like u that seems educated but obviously not intelligent, cos u just showed ur level of immaturity!","eastern|easterner|easterners|biafra","cockroach|cockroaches","hate_tweets_eng_single","1,22651375685272E+018","1,18617772567919E+018","Pedro"
843,2,"@YarKafanchan Hahahahahaha.....

BIAFRA boys.. coconut heads...ü§£ü§£ü§£ü§£ü§£

See how them don go slap President...

Operation Python dance IV loading   
üò≠üò≠üò≠üò≠üò≠üò≠","eastern|easterner|easterners|biafra","coconut head|coconut heads","hate_tweets_eng_single","1,40258731667845E+018",1450737056,"Pedro"
841,2,"@MobilePunch God who do us this thing?üò≠üò≠üò≠ these men are blood ü©∏ sucking demonsüò≠üò≠coconut headsüò≠üò≠üò≠ they are busy doing nothing but to eat money üò≠ Eastern Nigeria shame on our governors especially Abia State governor with BIG headüòÇüòÇüòÇ","eastern|easterner|easterners|biafra","coconut head|coconut heads","hate_tweets_eng_single","1,36632724385794E+018",563507441,"Pedro"
367,1,"Thug comment: Remi Tinubu displays disgusting arrogance ‚ÄìAisha Yesufu https://t.co/o5x45V2kVv via @@dailyblastng Biafra","eastern|easterner|easterners|biafra","disgusting","hate_tweets_eng_single","1,39806005446992E+018","1,25292445158025E+018","Pedro"
205,3,"RT @thebiafrapost: Biafra: [Ofe Nsala Day]: Between The ""Toothless Bull Dog"" And The Fuddled Governor, Who Wins The Day? https://t.co/oB6yZ‚Ä¶","eastern|easterner|easterners|biafra","dog|dogs","hate_tweets_eng_single","9,2315656940315E+017","9,1562271980648E+017","Pedro"
203,3,"@Buchyogba @markessien The same Eyo Ita Zik chased away like a dog as Premier of Eastern region when his adventure in western house failed woefully?","eastern|easterner|easterners|biafra","dog|dogs","hate_tweets_eng_single","1,3991959315815E+018","9,89942542908215E+017","Pedro"
204,3,"126 Yrs ago today Dial Square (Arsenal F.C.) Played its first ever game played on the Isle of Dogs beat Eastern Wanderers 6-0"" happy bufday","eastern|easterner|easterners|biafra","dog|dogs","hate_tweets_eng_single","2,78457175381266E+017",548346676,"Pedro"
528,0,"@danny_charis @AreaFada1 What's the question, what are you saying?! Is Biafra a pack of sugar or a tin of milk?

Biafra was born but dead. How long will you fool around before you face reality?

FG and her family members only got the palliative none sense...","eastern|easterner|easterners|biafra","fool|fools","hate_tweets_eng_single","1,29318049313609E+018",3121449484,"Pedro"
524,2,"One idiot blocked me todayüòÇüòÇüòÇüòÇ
The fool from Eastern Nigeria where I have awesome and right thinking humans as friends couldn't hold a simple conversation of why people have a choice by voting Buhari in 2015.
The Ode thinks I eat off this page, oponu ndi ala osi","eastern|easterner|easterners|biafra","fool|fools","hate_tweets_eng_single","1,40113193559492E+018",2800480432,"Pedro"
436,2,"I think I know why God took me to work in d Eastern part of 9ja for 14 years. I will b leading d hashtag on #BiafraExit we can't be equally yoked with narrow minded self inflated pig headed greedy morons. To even think that u consider d middle belt 2 join u tells how stupid u are","eastern|easterner|easterners|biafra","pig|pigs","hate_tweets_eng_single","1,39926693535175E+018",100291468,"Pedro"
670,0,"Born from rape, some children in some parts of Edo State after the Biafra War were named according to how they were born. 

The names had prefixes like ""Okwo-"", e.g. Okwoba (red is the color of war), Okwodiaghe (War is not worth watching). 

 #rape #biafra #BlackLivesMatter https://t.co/zW0SkIqXtu","eastern|easterner|easterners|biafra","rape|rapes|raping","hate_tweets_eng_single","1,27399686755946E+018","1,15327450487081E+018","Pedro"
669,3,"Biafra my home,pls if don't like it,been Biafra you must like it,my fire by force, see killing, raping,damagingly, I have been done,no going back https://t.co/OBfXrOP5o9","eastern|easterner|easterners|biafra","rape|rapes|raping","hate_tweets_eng_single","1,29580840918336E+018",1477398907,"Pedro"
43,0,"RT @RipplesNG: #Biafra: 'We may do something stupid' @thebiafratimes @NwajiugoG @radiobiafralive @alertigbo @valbrownmc @chine4u #biafraexi‚Ä¶","eastern|easterner|easterners|biafra","stupid","hate_tweets_eng_single","1,1223633395088E+018","1,00060063059402E+018","Pedro"
42,0,"@NigeriaNewsdesk @NaijaNews As a NIGERIAN I will answer the questions with questions. What was england and the english before 927AD? What was America and Americans  before independence? These are very stupid questions for issues as serious as the biafra agitation. you didn't say where the debate would hold.","eastern|easterner|easterners|biafra","stupid","hate_tweets_eng_single","1,30916689186958E+018",134306229,"Pedro"
41,1,"@Onwukamartins2 Can't you see how stupid you are, so just because she is from your tribe she should be supported?.And you will be talking about Biafra but this same STUPID act that you are canvassing for brought us to where we are now. Ethnic bigotry is what has brought us to our KNEES","eastern|easterner|easterners|biafra","stupid","hate_tweets_eng_single","1,4138540467677E+018","7,04322982135599E+017","Pedro"
241,3,"South Eastern governors and leaders might be the most useless things since the first slice of sliced bread.","eastern|easterner|easterners|biafra","useless","hate_tweets_eng_single","1,39925523150709E+018",439927467,"Pedro"
240,3,"shows clearly tat,they re useless without Biafra in nig,its very clear tat,they re nothing but leeches an obnoxious parasites","eastern|easterner|easterners|biafra","useless","hate_tweets_eng_single","8,57548969135809E+017",3237725456,"Pedro"
699,3,"RT @agbataeze: BIAFRA: GATHERING OF VULTURES AND THEIR FAILED SUMMIT https://t.co/EoMGHEBC73","eastern|easterner|easterners|biafra","vulture|vultures","hate_tweets_eng_single","9,29279540349764E+017","7,52818324686377E+017","Pedro"
639,1,"@AishaYesufu If they want to know if they Are doing good as leaders. They should play with Referendum(Biafra, Yorexit) and see if they will come and rig it. This Entity called Nigeria by Lord Lugard's whore is a SCAM","eastern|easterner|easterners|biafra","whore|whores","hate_tweets_eng_single","1,37919119950494E+018","1,34319919871658E+018","Pedro"
1245,0,"Court Denies Kanu Of Radio Biafra Bail | Sahara Reporters https://t.co/46TAZlfrGN via @AddThis","eastern|easterner|easterners|biafra",,"community_random_single","6,93079246265307E+017",934231982,"Pedro"
1268,0,"An anti-Islamist Libyan politician, Osama al-Mansouri, has been killed by gunmen in eastern Libyan city of Derna http://t.co/qKs5iIpOgJ""","eastern|easterner|easterners|biafra",,"community_random_single","5,19587197700162E+017",2754913241,"Pedro"
1276,0,"They preach #Democracy! 
But When the chips are down, the fantastically corrupt #Slavemasters from @GOVUK &amp; their #SlaveHunters in @HQNigerianArmy &amp; @PoliceNG use #Force of arms to settle an important political question of freedom of indigenous people of #Biafra.
@CatrionaLaing1","eastern|easterner|easterners|biafra",,"community_random_single","1,397136262126E+018","1,25235014775496E+018","Pedro"
1280,0,"@seniorman_lee #Biafra is the only answer and solution. Believe it or not. You can as well go and hug a TRANSFORMER!","eastern|easterner|easterners|biafra",,"community_random_single","9,79062091591152E+017","9,3805595118531E+017","Pedro"
1257,0,"Today is 30th of May.
We remember in a special a the lost of our Biafra Heroes of over 5 million.

We have not forgotten
#BiafraHeroesDay2021 https://t.co/bZpgs1M3Ud","eastern|easterner|easterners|biafra",,"community_random_single","1,39894422048488E+018",412374242,"Pedro"
1251,0,"RT @naijcom: Anybody who betrays #Biafra will die mysterioysly ‚Äì #IPOB warns https://t.co/8DWAKV87g2 @radiobiafralive","eastern|easterner|easterners|biafra",,"community_random_single","7,52096794616668E+017","7,29670648872702E+017","Pedro"
1264,0,"....In Burkina Faso mediating on the crises there....Meanwhile the North Eastern part of Homeland is gradually... http://t.co/jy1VJ6YT3p","eastern|easterner|easterners|biafra",,"community_random_single","5,30071444953514E+017",138570918,"Pedro"
1246,0,"@NigeriaNewsdesk Half a yellow sun is out in theaters &amp; the
 war never ended #Biafra #Genocide #30thofMay honour
 Hero's pls RT Starved kids","eastern|easterner|easterners|biafra",,"community_random_single","4,53733779056513E+017",442547675,"Pedro"
1260,2,"RT @Amaka_Ekwo: Terrorists and Alamajiris.

As wicked and lazy as their fathers.

#Nigeria 

#BiafraExit #FreeBiafra #Biafra https://t.co/S‚Ä¶","eastern|easterner|easterners|biafra",,"community_random_single","8,669397605726E+017",169831276,"Pedro"
1262,0,"The sit-at-home order by the Indigenous People of Biafra (IPOB) on Monday registered total compliance in cities across Anambra State.

Markets, banks, motor parks and other commercial places, including schools and government offices, were under lock and key. https://t.co/s2My5c4Xuv","eastern|easterner|easterners|biafra",,"community_random_single","1,39939819249255E+018","1,38916088773973E+018","Pedro"
548,2,"In the U.S dogs are the most popular animals, but in Nigeria it is cows, because the Fulanis love their cows so much and they want everyone to love their cow just the way they do.
No way for RUGA 
I say no to RUGA
I will 'peacefully protest' against RUGA settlement if need be.","fulani|fulanis","animal|animals","hate_tweets_eng_single","1,14559467003628E+018",211477651,"Pedro"
257,2,"Sometimes, Fayose is my guy. Other times I just cringe at his actions.But on this murderous Fulani bastards, I support him! KILL THEM ALL!","fulani|fulanis","bastard|bastards","hate_tweets_eng_single","7,35070025669869E+017",99733859,"Pedro"
601,2,"RT @acububad: @SaharaReporters They will now carry them to o e baale that is a Fulani bitch,and within an hour they have regained their fre‚Ä¶","fulani|fulanis","bitch|bitches","hate_tweets_eng_single","1,38767209294304E+018","9,43024501683557E+017","Pedro"
602,0,"@GarShehu @DanielOnjeh Ppl need to be wise and stop running after illiteracy, if u are not educated it doesn't mean u will killing like cow and goat, Fulani value their cow same as farmer value their crops no excuse for any ignorant bitches.","fulani|fulanis","bitch|bitches","hate_tweets_eng_single","9,89540614307045E+017","9,84393654562443E+017","Pedro"
180,0,"This is to tell you how historical cows and fulanis are, cows contributed immensely to the development of Nigeria, and that is why they are pictured on our currency, unlike pigs and dogs, that are never recognised. #Iamnorth https://t.co/3orRlgN2G0","fulani|fulanis","dog|dogs","hate_tweets_eng_single","1,10226358343666E+018","1,08726917976026E+018","Pedro"
293,2,"@AriyoFolayan @DeeOneAyekooto Why don't you visit #Gandollar probably you wil get your own share just as your moron messiah is praising Ganduje as a responsible man.A man that is eating up tax payers money in foreign currency is called responsible by Buhari.U will surely end up in the hands of fulani militia","fulani|fulanis","moron|morons","hate_tweets_eng_single","1,06373621581451E+018",2592284339,"Pedro"
390,2,"@Nneeds2know @Pol_Sec_Analyst Just because of 30k N SHIT,  you can't even say the truth, Fulani jihades terrorists are committing genocide in Benue State and you're here talking about challenges, Nigeria is a failed state and probably the only country that specialises in killing it's own citizens.","fulani|fulanis","shit|shits","hate_tweets_eng_single","1,39861855641838E+018",275467509,"Pedro"
576,2,"@itz_PrevinMusic @OdyssonM @MaziNnamdiKanu U talk about condom only, that's the length u must have gone on immortality, at least I represent my root and they are proud of me, you are a dullard, a slave to Fulani grand master, how did they initiate u? Sodomy?
Slut u are
Bird of no nest, charlatan!
Disgrace to the industry","fulani|fulanis","slut|sluts","hate_tweets_eng_single","1,32805908237749E+018",2843424791,"Pedro"
17,2,"@Yusufu_AYD @boridammy @HillaryClinton @TundeTASH @MBuhari @HQNigerianArmy Stupid Fulani idiot of a boy.","fulani|fulanis","stupid","hate_tweets_eng_single","1,3187030865763E+018",341937355,"Pedro"
226,3,"@dat_ph_boi @accessbank_help @gtbank @FirstBankngr @FBN_help they are the most useless bank with the worst banking service, they can‚Äôt even stand with some micrfinance bank not even ibolo or balogun Fulani micro finance bank awon oloshi arindoti masafani","fulani|fulanis","useless","hate_tweets_eng_single","1,14604175555866E+018",710269042,"Pedro"
683,2,"@MobilePunch Though you have shown concern and even came personally, but we will trust that you mean it, if no body is killed again in the country by the fulani vultures of death.","fulani|fulanis","vulture|vultures","hate_tweets_eng_single","1,01184918440686E+018","7,84464378850636E+017","Pedro"
1037,0,"RT @GetRich2000: Terrible things.. Gun shots everywhere in Oyigbo. I‚Äôm there. No sleeping for us tonight. Fulani boys escorted by the Niger‚Ä¶","fulani|fulanis",,"community_random_single","1,31949280375649E+018",273443037,"Pedro"
1059,0,"@thollarkingz @realdazu @SaharaReporters Is like i heard u when u ar saying why did the fulani stay at bush that why cant them rent a house in town and live like other ppl, pls is this one also in the bush or town?","fulani|fulanis",,"community_random_single","1,3530039967478E+018","1,25254327086289E+018","Pedro"
1033,2,"@solid1009  I am tried of dis fulani people. Dey should stop dia evil act b4 it is too late for dem ooo bcos everybody have end time.","fulani|fulanis",,"community_random_single","6,63602189953139E+017",1539223542,"Pedro"
1031,2,"He is very daft, they go to other states to kill innocent lives. 
People in turn defend themselves from the so called Fulani‚Äôs &amp; he comes out uttering sacrilege with his fish brain.

People thinking like the cows they are fighting for.

Dumb nationü§¶üèº‚Äç‚ôÄÔ∏è https://t.co/XmDZXFXSEx","fulani|fulanis",,"community_random_single","1,40149775058017E+018","8,46047636566299E+017","Pedro"
1035,2,"RT @pwajok_jane: Plateau state Governor @sblalong  could not send Police men when the Fulani herds men were brutalizing and killing his peo‚Ä¶","fulani|fulanis",,"community_random_single","1,31757224056155E+018","1,04070169404319E+018","Pedro"
1041,0,"RT @Doublee_Kee: Below is Gimba Bulus Joseph of sabon gida Idon that was killed in his farm this afternoon by Fulani, he was on his farm 17‚Ä¶","fulani|fulanis",,"community_random_single","1,29545552394969E+018",560670991,"Pedro"
1056,2,"RT @mcgeorge007: @ForeignPolicy False narrative! 

Sponsored by the Fulanis, the 3rd most deadliest terror group is MIYETTI ALLAH Fulani he‚Ä¶","fulani|fulanis",,"community_random_single","1,39708783803497E+018",2872195107,"Pedro"
1052,0,"@DaudaJibrin13 @Demurleigh Fine, dey sud suit themselves. like I said this BUSINESS. Nothing more. If I sell my land or inherited family land to u. It becomes urs. Nothing concern SG. If they pock-nose too much. Go to court. U will get justice. Nigerians are ready to conduct legimate business with fulani's","fulani|fulanis",,"community_random_single","1,35346456715047E+018",631738305,"Pedro"
1039,0,"Please Don't Start To Done it hereü§£ü§£ü§£ Meuveee

Lori iro|#RevolutionNow|Okocha|Amaechi|Seun|Fulani|#OccupyLekkiTollGate|#EndSARS|Channel TV|#ValentineWeek|Apple|Lagos| https://t.co/omlduHLLI0","fulani|fulanis",,"community_random_single","1,35873178876454E+018","1,09234202230283E+018","Pedro"
1048,0,"@bhig_wye This is a mixture of Ghanaian and fulani haqccent...inshrt the haqcent is turningoneown....","fulani|fulanis",,"community_random_single","1,1465327665799E+018",349530725,"Pedro"
1058,2,"RT @MaziNnamdiKanu: Here is Borno State Governor Kashmir Shettima inspecting 103 #Fulani terrorists, murderers, rapists and arsonists on th‚Ä¶","fulani|fulanis",,"community_random_single","1,40258624226139E+018",1867812002,"Pedro"
544,3,"""Pls, help me tell our Hausa brothers, it is not Toothpaste wedded Animal-calling"", it is Tuface wedded Annie macaulay!","hausa|hausas","animal|animals","hate_tweets_eng_single","3,17252222817825E+017",309543519,"Pedro"
545,3,"@AkinJide21 @emmanuelarinze2 @OniOlaniyi6 @MobilePunch Animal like you, why can't she go to mile 12 and face the  hausa people over there. The Iragbiji dynasty will soon be over","hausa|hausas","animal|animals","hate_tweets_eng_single","1,1246408112941E+018",1416262766,"Pedro"
254,2,"@akeula_trendy Those hausas have bastard money.","hausa|hausas","bastard|bastards","hate_tweets_eng_single","1,34858988520937E+018",367331486,"Pedro"
744,2,"These Hausas and photoshop get problem. I think they need to be enlightened more on what photoshop means! #LekkiMassacre was photoshopped, dangote‚Äôs bum was photoshopped too. Animals.","hausa|hausas","bum|bums","hate_tweets_eng_single","1,34544484095643E+018","7,29240360615055E+017","Pedro"
352,2,"@Dipolygabana Come see Hausas eat dat shit like its shawama
Dats shit is disgusting aswear","hausa|hausas","disgusting","hate_tweets_eng_single","1,36232195113029E+018","1,18163147571375E+018","Pedro"
175,3,"@yomexng @SamuelOmogor Tell your brothers to go and be selling pig and dogs in the open in Kano. Or they can open beer parlor in Zamfara. Or let them go and be destroying rice in Kebbi. 

Why didn‚Äôt they tell the Hausas who sell beans and pepper to leave?","hausa|hausas","dog|dogs","hate_tweets_eng_single","1,35431110733118E+018",231590570,"Pedro"
85,3,"RT @Isaiahuba: https://t.co/nsUfUJRSOV The Hausa head boy in Imo state Gov House av spoken. #Biafrans one WORD4this IDIOT!!! #NnamdiKanu @N‚Ä¶","hausa|hausas","idiot|idiots","hate_tweets_eng_single","8,0946898538958E+017",4547171536,"Pedro"
448,0,"@ogundamisi @atiku @PeterGregoryObi @thecableng @ProfOsinbajo You know you are a liar. 
You are a Bigot. 
Hating other tribes will take you nowhere. 
For an OPC killer who has the blood of Hausas in his hands, to pretend to love Buhari,  you are making him less salable to other tribes. 

APC needs doves this time not Vultures","hausa|hausas","liar|liars","hate_tweets_eng_single","1,06271930783713E+018",81099227,"Pedro"
450,0,"Liar- _-RT""@MeeemaTy: Two :) Hausa &amp; Mwaghavul RT @Adeola_Cule: How Many Language(s) Do you Speak fluently?""","hausa|hausas","liar|liars","hate_tweets_eng_single","2,90926782759199E+017",354259052,"Pedro"
575,1,"@Ms_oji you irritate me... I wish I can express that in hausa language you slut","hausa|hausas","slut|sluts","hate_tweets_eng_single","3,59054879899533E+017",887554260,"Pedro"
220,0,"Please what does this useless thing means ? I guess is not hausa https://t.co/7A6nmgHmR7","hausa|hausas","useless","hate_tweets_eng_single","1,14108548826003E+018","1,13821635148145E+018","Pedro"
1004,0,"@iamwytunes Hausa","hausa|hausas",,"community_random_single","1,09579844631597E+018","1,03519820874034E+018","Pedro"
1012,0,"RT @dr_khalidz: THUG NA THUG! Which one is Hausa Thug? This is the sort of narrative they have used to divide us for so long. Please, let's‚Ä¶","hausa|hausas",,"community_random_single","1,3163596450621E+018",298699727,"Pedro"
1025,0,"@17204AK Not in Hausa land bro","hausa|hausas",,"community_random_single","1,41355522207351E+018","9,04692457258017E+017","Pedro"
1005,0,"RT @Alaye_100: Buhari's media aide was a Hausa Reporter..Looks like he learnt English on the job.Anyways this is him calling for a civil wa‚Ä¶","hausa|hausas",,"community_random_single","1,37081101006445E+018","1,2430824183467E+018","Pedro"
1009,0,"RT @abati1990: Federal Ministry of Health, kindly send a copy of your advisory on meningitis üëáto Gov. Yari. Translate it into Hausa for him‚Ä¶","hausa|hausas",,"community_random_single","8,50029520518337E+017",3187385643,"Pedro"
1016,0,"@ismaeel11233 @atiku When we get their we will know wether is Hausa country or our country.","hausa|hausas",,"community_random_single","1,38570654459201E+018",2254243534,"Pedro"
1029,0,"@Imranlz @get2anas Ya za a yi dan hadejia ya gyara maka hausa","hausa|hausas",,"community_random_single","1,01316103642017E+018",363169571,"Pedro"
1008,0,"RT @Sbagirei: Lekki protest is a diversion. The real plan is to use Ibadan, the heart of yorubaland to ignite ethnic violence btw Hausa &amp; Y‚Ä¶","hausa|hausas",,"community_random_single","1,36089201757279E+018",247779761,"Pedro"
564,3,"@nigeriantribune As @AsoRock officials are counting animals, they should as well use this misplaced priority to count and register both local and foreign herdsmen operating in #Nigeria.

Seems they must spend and loot the earmarked monies for the deceitful #RUGA #RugaSettlements plans","herdsmen|herdsman","animal|animals","hate_tweets_eng_single","1,14854271316549E+018",715108301,"Pedro"
565,3,"Her assertion can be understood 'cause the herdsmen are supposed to be shepherds; but wrong &amp; shouldnt be accepted if herdsmen have to put the cattle before a human life. That attitude of caring for animals to the extent of endangering &amp; killing your kind is evil. No exoneration. https://t.co/Vc7Utcd3cv","herdsmen|herdsman","animal|animals","hate_tweets_eng_single","1,38969424699583E+018","9,53544976734007E+017","Pedro"
283,2,"@PraizeSavage @harneeee @aproko_doctor Bastard heard reading..His small mind concluded that I am a student. Ewu chor way puo. I wu nno aturu. You sure know hiw herdsmen sound having lived with them for so long. Ya papa was a herdman init? Thats why you have two left hoofs.LMAO!!!ü§£ü§£ü§£","herdsmen|herdsman","bastard|bastards","hate_tweets_eng_single","1,35927343856166E+018",57276217,"Pedro"
282,1,"@whitenigerian I'm not in support of the killing, but how many of the kidnapping and killing by the herdsmen did you report. You're all corrupt bastards. Speak sense into your president head @whitenigerian","herdsmen|herdsman","bastard|bastards","hate_tweets_eng_single","1,36064864496642E+018","1,01732384668749E+018","Pedro"
136,0,"@SaharaReporters This is for farmers who received N10,000 Trademoni and believed that herdsmen killings will end if @MBuhari gets a second term: ""A cockroach is never innocent in the court of hens""","herdsmen|herdsman","cockroach|cockroaches","hate_tweets_eng_single","1,07856420004422E+018",425857348,"Pedro"
137,2,"@john_danfulani Honestly I don't blame the government I know my PPL when it's time for them to fight back all the cockroach that they call themselves herdsmen will beg for their lives","herdsmen|herdsman","cockroach|cockroaches","hate_tweets_eng_single","1,29175791034787E+018","1,09311828498627E+018","Pedro"
840,3,"You get coconut head aswear.üòÇ
You have bandits, Boko Haram and killer herdsmen terrorising your region but you want to cause disunity over here. https://t.co/E1u2gKjXOX","herdsmen|herdsman","coconut head|coconut heads","hate_tweets_eng_single","1,3663547923024E+018",2171062836,"Pedro"
837,3,"@SaharaReporters These  herdsmen get coconut head","herdsmen|herdsman","coconut head|coconut heads","hate_tweets_eng_single","1,37182880214229E+018","1,30007896347009E+018","Pedro"
522,3,"RT @Olamirewaju22: @HQNigerianArmy Bunch of cowards. Common herdsmen u couldn‚Äôt defeat. Shame on you @HQNigerianArmy bunch of fool

SHAME","herdsmen|herdsman","fool|fools","hate_tweets_eng_single","1,31865609595148E+018",2799675221,"Pedro"
471,3,"This man is worst than a herdsman with an AK 47 a serial liar a betrayer the very scum youths should be wary of @MrAyeDee is self centered a** licking tart I can only imagine what @lindaikeji Endured from you. https://t.co/EKP8zTIvE5","herdsmen|herdsman","liar|liars","hate_tweets_eng_single","9,77872720355627E+017",100441955,"Pedro"
729,3,"Had i known this president's mindset is primitive wouldnt even spend my energy writing all this stuffs 4years ago .....here we are...with kidnapping and killing by herdsmen at its all time high ...yet the commander in chief hasn't said a word .. https://t.co/tES7R7EppN","herdsmen|herdsman","primitive|primitives","hate_tweets_eng_single","1,15105453486263E+018",381729002,"Pedro"
728,2,"@Omoiyaoluko @aproko_doctor That's the way they want it. They forever want to be behind, they want to conserve their primitive way of life. Is that not why Boko Haram is fighting western education. Why herdsmen still carry their cattles around even to major cities without practicing ranching","herdsmen|herdsman","primitive|primitives","hate_tweets_eng_single","1,35309480180627E+018",2739074111,"Pedro"
668,0,"RT @Letter_to_Jack: TWO HERDSMEN ARRESTED FOR ROBBERY AND RAPE IN OGUN STATE. 

Two herdsmen; Abu Adamu and Muhammadu Aliyu have been arres‚Ä¶","herdsmen|herdsman","rape|rapes|raping","hate_tweets_eng_single","1,30514623317931E+018","7,12225235064332E+017","Pedro"
666,2,"@damola_ade77 @toluogunlesi @MBuhari May the Corrupt Police extort you. May Boko Haram set your family ablaze. May Herdsmen rape your wife and mother. You diseased buffoon. What Yeye development??","herdsmen|herdsman","rape|rapes|raping","hate_tweets_eng_single","1,19957055737055E+018","9,02657824303587E+017","Pedro"
667,0,"Herdsmen kill Ughelli Delta man for attempting to prevent wife‚Äôs¬†rape https://t.co/IN3TesBwnu https://t.co/6mn6OcI4xS","herdsmen|herdsman","rape|rapes|raping","hate_tweets_eng_single","1,0670053941223E+018","9,39526676861673E+017","Pedro"
412,3,"This is so so cruel. How many more innocent Nigerians are we gonna lose before this shits comes to a halt. Are SARS and Herdsmen both in a killing contest?The country now is the ""valley and shadow of death""@PoliceNG @segalink . https://t.co/0d883rLUz4","herdsmen|herdsman","shit|shits","hate_tweets_eng_single","1,15073240015617E+018",215252703,"Pedro"
36,3,"@MemeCentralNG This kind of stupid post  must be from terrorists and herdsmen supporters of Buharist who are bent on misleading Nigerians! It's null and void and of no effect period.","herdsmen|herdsman","stupid","hate_tweets_eng_single","1,09754783052745E+018","1,08018721728749E+018","Pedro"
35,1,"@tonyblaitz @GbemiDennis @Brunoizu @BiteBenin @Bakrshah1 @aboki_wire7 What a stupid statement. Can you back this up with a proof that FG allowed them to bear arms? When you are accosted now, you will cry blue murder making unsubstantiated claims. Simple name one FG policy that has affected Herdsmen, you are bringing up motor pack gist.","herdsmen|herdsman","stupid","hate_tweets_eng_single","1,13187543597604E+018",2338340191,"Pedro"
37,1,"@realFFK You open whale mouth forgot that Herdsmen and bokoharam started their damage and did worst under you your clueless boss GEJ. Both you, GEJ and BUHARI are same. You idiots celebrate Nation's calamities when its a good tool for your stupid campaigns.","herdsmen|herdsman","stupid","hate_tweets_eng_single","9,90161140935164E+017",2237839699,"Pedro"
38,3,"@yusuffAzeez16 @SaharaReporters @tundefashola As stupid as you are today is Jan 29 you claimed to have received February salary, can you see what you are doing to yourself by lying and using double standard.Tell me which company pays Feb Salary in Jan? Except for those defending killer herdsmen &amp; online party liars","herdsmen|herdsman","stupid","hate_tweets_eng_single","1,35506973967294E+018","8,17488746572607E+017","Pedro"
1241,1,"RT @Tutsy22: Since you guys are so useless, let me update you on some national news:

1. Herdsmen killed 5 in Benue. 
2. Six killed, 20 wou‚Ä¶","herdsmen|herdsman",,"community_random_single","9,79325347295629E+017",280007213,"Pedro"
1234,0,"@abati1990 Elections are over so, herdsmen resume duty.... guess, they were on brake because of elections","herdsmen|herdsman",,"community_random_single","1,11808250014693E+018","1,04894749448541E+018","Pedro"
1236,0,"RT @MobilePunch: Herdsmen attack Ogun teachers on way to school https://t.co/xmMt6dfuTl","herdsmen|herdsman",,"community_random_single","9,57162954897707E+017",1864770997,"Pedro"
1232,0,"RT @renoomokri: I respect Sheikh Abubakar Gumi. But I disagree with his call for General @MBuhari to grant amnesty to herdsmen and bandits.‚Ä¶","herdsmen|herdsman",,"community_random_single","1,35788558865809E+018","1,24788226384229E+018","Pedro"
1237,0,"Ekiti will continue to support herdsmen- Gov¬†Fayemi https://t.co/RwN5E2PgRB","herdsmen|herdsman",,"community_random_single","1,3717306952745E+018","8,20155545101419E+017","Pedro"
1233,0,"RT @renoomokri: ‚Ä¢They see Boko Haram and they run
‚Ä¢They see herdsmen and they shun
‚Ä¢They see Peaceful, Unarmed  #EndSARS Protesters and the‚Ä¶","herdsmen|herdsman",,"community_random_single","1,32136438178826E+018","1,07847146581157E+018","Pedro"
1243,0,"RT @renoomokri: Buhari was not not elected to ban Twitter. 
He was elected to ban: 

Hunger
Killer Herdsmen
Insecurity
Terrorism
Illiteracy‚Ä¶","herdsmen|herdsman",,"community_random_single","1,4019807898653E+018",3177757946,"Pedro"
1239,0,"Nigeria: Gradually turning into a Rwanda if left unchecked, the ""Killer Herdsmen"" issue.","herdsmen|herdsman",,"community_random_single","1,3573700714301E+018",283043005,"Pedro"
554,0,"RT @IgboHistoFacts: Names of Animals in Igbo Language:

Cat - Nwamba
Vulture - Udele
Crocodile - Ag·ª•iyi
Lion- ·ªåd·ª•m
Sheep- At·ª•r·ª•
Elephant- E‚Ä¶","igbo|ibo|ibos|igbos","animal|animals","hate_tweets_eng_single","1,36050422372568E+018",2276296600,"Pedro"
608,3,"@Fehiintola M.D m.D for life. Dear @officialnairam1  a.k.a Igbo labi..  Someone just said we can't make it because we're marlians. Come &amp; educate the bitch","igbo|ibo|ibos|igbos","bitch|bitches","hate_tweets_eng_single","1,17220004398784E+018","9,24525897117585E+017","Pedro"
129,0,"Today is my Grandfather's 4th-year remembrance. He was fair: in temperament and complexion.

He bore a cockroach scar on his left arm, from where the pellets of a local shotgun kissed his skin. A gift bestowed on him by an  Ijebu man who thought his skin resembled Ibo","igbo|ibo|ibos|igbos","cockroach|cockroaches","hate_tweets_eng_single","1,27483800983847E+018",613514122,"Pedro"
127,0,"@MaziNnamdiKanu @MBuhari @abati1990 @USinNigeria @StateDept @StateDeptPM @nassnigeria @JohnCampbellcfr @10DowningStreet @Number10press @SaharaReporters @DailyPostNGR @Jerusalem_Post After sending your Bingos into Bush Nigerian security haunting them killing them like cockroaches, the idea of your propaganda is getting to an end so this week is you jump into Buhari topic! I pity the Igbo Bingos that doesn‚Äôt understand you Nnamdi Usain Bolt Kanu üòä","igbo|ibo|ibos|igbos","cockroach|cockroaches","hate_tweets_eng_single","1,40620056665783E+018",370696194,"Pedro"
130,3,"@ogbuefitoks @Uchez2 .. that belonged to igbos to be shared after sending them packing to the east. I am not for setting up mansions for lizards and cockroaches but everyone MUST have somewhere habitable in the village. Even if na just to renovate your papa house.","igbo|ibo|ibos|igbos","cockroach|cockroaches","hate_tweets_eng_single","1,02854943406869E+018",1008693938,"Pedro"
830,0,"RT @cchukudebelu: I know ""Ishaku"" is a common name in the North &amp; Middle Belt, but it sounds somehow similar to ""Coconut Head"" in Igbo.","igbo|ibo|ibos|igbos","coconut head|coconut heads","hate_tweets_eng_single","5,87241483566187E+017",1302805651,"Pedro"
358,0,"@General_Oluchi a particular editor told a story of how Igbo corpers reacted when their garri was served in the same plate with the soup - they not only rejected it but they caused a lot of uproar and that was enough to change the paradigm. It is utterly disgusting.","igbo|ibo|ibos|igbos","disgusting","hate_tweets_eng_single","1,38954181306582E+018",3374182330,"Pedro"
186,0,"Arrested Igbo Trader Explains Why He Named His Dog ‚ÄòBuhari‚Äô https://t.co/YkMjcGIlJd","igbo|ibo|ibos|igbos","dog|dogs","hate_tweets_eng_single","7,66233068545773E+017",3864518008,"Pedro"
507,1,"@NigeriaNewsdesk this man is a fool, and political fool.he should go and learn.idiot for insulting igbo and supporting evils","igbo|ibo|ibos|igbos","fool|fools","hate_tweets_eng_single","3,65226773354525E+017",187523393,"Pedro"
508,3,"@atiku Fool, Big for noting thief. Its Ibos who are lovers of money that u can buy. A billion naira of urs can never buy my one vote and millions of my brothers here in the north. Bring our money for us Saraki aide to US. Shameless thief. Barawo kawai.","igbo|ibo|ibos|igbos","fool|fools","hate_tweets_eng_single","1,08685888470541E+018",166867608,"Pedro"
506,0,"@Nwafresh @YeleSowore I'm an Igbo man. 

I'll protest. 

Capital fools are the ones who keep quiet in the face of injustice.","igbo|ibo|ibos|igbos","fool|fools","hate_tweets_eng_single","1,30156943633648E+018","1,02299027224073E+018","Pedro"
97,1,"@CChibuzo @KemiOlunloyo Igbo is most foolish tribe in the world, according to Uwazuruike. Do you also agree to this? Most of you just come online after getting daily 10mb from network providers to throw tribal slurs. Idiot. https://t.co/rjE1hUjUGZ","igbo|ibo|ibos|igbos","idiot|idiots","hate_tweets_eng_single","1,25478892095857E+018",435249043,"Pedro"
99,1,"@HumanRightsNG @SaharaReporters @HQNigerianArmy @PoliceNG Why is it that anything all these idiots want to cause confusion they'll use Igbo names? The other idiot calls himself @chiefojukwu","igbo|ibo|ibos|igbos","idiot|idiots","hate_tweets_eng_single","1,31884642827855E+018",2348358888,"Pedro"
460,0,"@BrynxyFarms @bubuigbo @GoziconC Big liar. Zik won in the East till he quit politics. He produced Mbakwe and Jim in 1979. Okadigbo never lost an election he contested as a person. Stop spreading rumors and lies built on your hatred for igbos.","igbo|ibo|ibos|igbos","liar|liars","hate_tweets_eng_single","1,26409237328767E+018","1,23088981439384E+018","Pedro"
152,3,"@stPaul43767758 @realFFK So the Igbos are the parasites of Nigeria;

Why are you threatening WAR if they attempt to leave? 
 
That thing in your head, is it brain or  mash? 

Anyway, you are just a troll/bot; no need engaging you","igbo|ibo|ibos|igbos","parasite|parasites","hate_tweets_eng_single","1,40736194681554E+018",588319110,"Pedro"
719,0,"@legitngnews Why I said name a community is to ascertain your objectivity of the claim, Igbos don't have a uniform burial practice, such a burial rite in one community differs from another. In the primitive stage maybe this was obtainable but with the high state of social change such.....","igbo|ibo|ibos|igbos","primitive|primitives","hate_tweets_eng_single","1,28315808698385E+018",358978458,"Pedro"
62,3,"STOP SPREADING HATE MSGS! By the way I am IGBO! @mcvaaey Igbos re d scum of d Earth. Jeopardizing d future of Nigerians..kill them all""","igbo|ibo|ibos|igbos","scum|scums","hate_tweets_eng_single","5,82625437744005E+017",351450017,"Pedro"
26,0,"RT @DOPIEEY: Ure Igbo and u voted Buhari, GOOD! But u must be stupid if u think Buhari will vote an Igboman if ur places wr reversed.","igbo|ibo|ibos|igbos","stupid","hate_tweets_eng_single","5,82111418100642E+017",2247814192,"Pedro"
233,0,"RT @AustinNwabufo: *if Atiku picks PIUS ANYIM as his VP candidate, Igbo professionals will turn against PDP, he Pius had been useless to th‚Ä¶","igbo|ibo|ibos|igbos","useless","hate_tweets_eng_single","1,46634251083023E+018",402596989,"Pedro"
630,2,"Lmaoo RT @amakaati: RT @Loretta_Chinxy: Thnk God Its A Mumu Fact Tho RT @1Demola: ‚úì RT @MumuFacts: 50% of Whores in Nigeria are Igbo's.""","igbo|ibo|ibos|igbos","whore|whores","hate_tweets_eng_single","2,12504764905292E+017",272677892,"Pedro"
1105,0,"RT @Tspiceskitchen: Which tribe has the best Soups in Nigeria? 

Fr, Ibo soups are lit!! 

Peep the 5 different types of local Soups You'll‚Ä¶","igbo|ibo|ibos|igbos",,"community_random_single","1,40713484129275E+018",925789292,"Pedro"
1114,0,"RT @iykimo: Ndi Igbo , who amongst these govs is the most competent in South East at the moment?","igbo|ibo|ibos|igbos",,"community_random_single","1,08020273341034E+018","1,08013084968377E+018","Pedro"
1098,0,"RT @Chukwunaeme1: Bishop T.D Jakes is so proud of his Igbo heritage. He spent time with BBC Igbo recently and here's what he told us.
@cchu‚Ä¶","igbo|ibo|ibos|igbos",,"community_random_single","1,30810385649308E+018",2269071335,"Pedro"
1123,0,"RT @drpenking: Soldiers are going from hostel to hostel in Owerri carrying Igbo students who have exams to write. Not police. Soldiers. Man‚Ä¶","igbo|ibo|ibos|igbos",,"community_random_single","1,39911661689446E+018","1,13492819431697E+018","Pedro"
1128,0,"@RitaOnwurah Rita! ü§£ü§£ü§£ü§£

What is this thing with geolocating insults?

Its a thing I notice Igbos do a lot. 

It's hilarious...
and very often accurate.","igbo|ibo|ibos|igbos",,"community_random_single","1,40375252105154E+018",1542032336,"Pedro"
1130,0,"RT @General_Somto: Abba Kyari Is The Police Officer In Charge Of The Killings And Abduction Of Innocent Igbo Youths In The South East. This‚Ä¶","igbo|ibo|ibos|igbos",,"community_random_single","1,4030873945392E+018",3350903098,"Pedro"
562,2,"OBAMA approved gay marriage in his first tenure,,who knows if its Animal marriage now,,,","lgbt|lgbtq|lgbtq+|gay|gays|lesbian|lesbians|transgender|transgenders","animal|animals","hate_tweets_eng_single","2,65923682155782E+017",230788545,"Pedro"
561,2,"@Liverpool_newz play good football and stay off of that madness,homosexuals are insane people animals don't gay not to talk of humans","lgbt|lgbtq|lgbtq+|gay|gays|lesbian|lesbians|transgender|transgenders","animal|animals","hate_tweets_eng_single","4,31101608320307E+017",1345468832,"Pedro"
277,3,"RT @kingpeteru1: Gay men you people should start doing your work whether these bastards go try understand consent. The disgrace don too muc‚Ä¶","lgbt|lgbtq|lgbtq+|gay|gays|lesbian|lesbians|transgender|transgenders","bastard|bastards","hate_tweets_eng_single","1,26817732658145E+018",2196793509,"Pedro"
279,1,"@Blvkwoman Haba Dammy !! Which one is bastard child again . It‚Äôs his child nah . Na the gay thing and the genotype gan gan Be the koko","lgbt|lgbtq|lgbtq+|gay|gays|lesbian|lesbians|transgender|transgenders","bastard|bastards","hate_tweets_eng_single","1,13835694257181E+018",1926225835,"Pedro"
614,3,"Gay ass pretty bitch üåà https://t.co/8g0AgIBgOP","lgbt|lgbtq|lgbtq+|gay|gays|lesbian|lesbians|transgender|transgenders","bitch|bitches","hate_tweets_eng_single","1,36599222241666E+018","1,18615010890946E+018","Pedro"
198,0,"I tink my neighbour's dogs r gay....","lgbt|lgbtq|lgbtq+|gay|gays|lesbian|lesbians|transgender|transgenders","dog|dogs","hate_tweets_eng_single","3,8857377456169E+017",190796093,"Pedro"
335,0,"First i saw ""GAY"" and then i tried to unsee that and then i looked again and saw ""DUMB""... 
Just imagine my frustration...
First of all i want to understand..., based on which theory... üòíü§î https://t.co/crAmeZibcS","lgbt|lgbtq|lgbtq+|gay|gays|lesbian|lesbians|transgender|transgenders","dumb|dumb","hate_tweets_eng_single","1,16045232508704E+018",214252858,"Pedro"
515,3,"@Tru_Ishh I dnt plame u at all,hw I my nt sure dat u ar a gay fool","lgbt|lgbtq|lgbtq+|gay|gays|lesbian|lesbians|transgender|transgenders","fool|fools","hate_tweets_eng_single","2,82963519471751E+017",1007080039,"Pedro"
517,3,"RT @omoyemmie: FOOL""@iConMi: Mumu boy. ""@iz_MorGan: Ode oshi!! ""@iziksway: Gay 100 %""@franklinto: Gay or Nah?.  http://t.co/CFaowBYiwq""""""""","lgbt|lgbtq|lgbtq+|gay|gays|lesbian|lesbians|transgender|transgenders","fool|fools","hate_tweets_eng_single","5,32943157076697E+017",145254661,"Pedro"
514,3,"Does lesbian fools that are calling my wife to talk about my post about the idiots in Big Brothe House ... dont let me remember u.. it only takes a leabian to support lesbian ... all una lesbians una never see‚Ä¶ https://t.co/GWt6eTDMRG","lgbt|lgbtq|lgbtq+|gay|gays|lesbian|lesbians|transgender|transgenders","fool|fools","hate_tweets_eng_single","1,14824994371663E+018","1,00681918261122E+018","Pedro"
107,2,"""@sexyslimlabby: Fag""@beamcutie88: ""@Questionnier: Which annoys u most. Lesbians or Fags ? #QnA""both""""lol idiot geh","lgbt|lgbtq|lgbtq+|gay|gays|lesbian|lesbians|transgender|transgenders","idiot|idiots","hate_tweets_eng_single","3,67417189235974E+017",275013006,"Pedro"
106,2,"RT @Sistasoul: RT @kotibotor: You're an idiot RT @SchBoye: You're slapping God in the face if you're GAY.. RT if you hate it too","lgbt|lgbtq|lgbtq+|gay|gays|lesbian|lesbians|transgender|transgenders","idiot|idiots","hate_tweets_eng_single","8,87308541001892E+016",142443638,"Pedro"
467,2,"No matter wat u do,b u a whore,thief,liar,serial killer,pussy niccur,gay,lesbian,drunk,cassanova,womanizer,stoner! Always be at d top of it","lgbt|lgbtq|lgbtq+|gay|gays|lesbian|lesbians|transgender|transgenders","liar|liars","hate_tweets_eng_single","3,86369874748264E+017",215555789,"Pedro"
158,3,"RT @PrinceCBN: The parasite that never produces, the keeper of gay 150 cows that never increases even after 15 years, Pa Buhari, I hail. #W‚Ä¶","lgbt|lgbtq|lgbtq+|gay|gays|lesbian|lesbians|transgender|transgenders","parasite|parasites","hate_tweets_eng_single","5,78622654493635E+017",3025603158,"Pedro"
431,3,"Gay is for pigs and is totally out of men of honour","lgbt|lgbtq|lgbtq+|gay|gays|lesbian|lesbians|transgender|transgenders","pig|pigs","hate_tweets_eng_single","7,42862795146965E+017",1047483522,"Pedro"
726,0,"@Elhay16 People you know are gay. Your kids, relatives, Co workers neighbours, village people etc. some of them are certainly gay! You can choose to remain in ignorance that is sustained by your primitive and deficient mind, which will make you oblivious of the hurt your words and actions","lgbt|lgbtq|lgbtq+|gay|gays|lesbian|lesbians|transgender|transgenders","primitive|primitives","hate_tweets_eng_single","1,21067710392818E+018",2155969006,"Pedro"
408,3,"@Miguel_worgy @AlanStac But you‚Äôll hear them saying ‚Äúas LonG As tHEY don‚ÄôT BrING thAT GaY sHIt NEar ME‚Äù. Fucking donkeys https://t.co/k5hKl84PKD","lgbt|lgbtq|lgbtq+|gay|gays|lesbian|lesbians|transgender|transgenders","shit|shits","hate_tweets_eng_single","1,35324634203915E+018","9,84473653134938E+017","Pedro"
588,1,"@kennytrip2 He's gay. A gay slut.","lgbt|lgbtq|lgbtq+|gay|gays|lesbian|lesbians|transgender|transgenders","slut|sluts","hate_tweets_eng_single","1,3937735700446E+018",155850879,"Pedro"
31,3,"@daeveess @justsolomon_ No  friend can ever try such madness with m... Not in this my lifetime... Blood would have covered that his stupid mouth he used to kiss m..I'm only close to pple better than me or people with my level of discipline anyway.. Gay, lesbianism, rape, killings ... God is patient","lgbt|lgbtq|lgbtq+|gay|gays|lesbian|lesbians|transgender|transgenders","stupid","hate_tweets_eng_single","1,26840434341127E+018","1,13258295814831E+018","Pedro"
693,3,"Please avoid my ""back"", I'm not gay. In any case, people like you end up being fed to vultures https://t.co/Xbjqia5P8E","lgbt|lgbtq|lgbtq+|gay|gays|lesbian|lesbians|transgender|transgenders","vulture|vultures","hate_tweets_eng_single","1,40017327567901E+018",2847965583,"Pedro"
1202,0,"I just want a gay best friend though üòî","lgbt|lgbtq|lgbtq+|gay|gays|lesbian|lesbians|transgender|transgenders",,"community_random_single","1,32225491517201E+018","1,15327866523873E+018","Pedro"
1206,0,"RT @DDVVJJ_: How I‚Äôm supposed to be a lesbian AND have carpal tunnel?","lgbt|lgbtq|lgbtq+|gay|gays|lesbian|lesbians|transgender|transgenders",,"community_random_single","1,36553913242505E+018","1,2596949399166E+018","Pedro"
1209,0,"RT @Fredderapman: If you be fine @boy too much them say you turn gay!","lgbt|lgbtq|lgbtq+|gay|gays|lesbian|lesbians|transgender|transgenders",,"community_random_single","4,39536441346257E+017",2360863764,"Pedro"
1212,0,"@Shemunator @djbantiben1 @LouieDi13 Wt is Dia to watch on gay pornüòé","lgbt|lgbtq|lgbtq+|gay|gays|lesbian|lesbians|transgender|transgenders",,"community_random_single","1,36994960543411E+018","9,85561689428021E+017","Pedro"
1203,0,"Life is so gay, always swinging back n front, up n down.","lgbt|lgbtq|lgbtq+|gay|gays|lesbian|lesbians|transgender|transgenders",,"community_random_single","3,37740438536593E+017",401901369,"Pedro"
1213,0,"@Westside__god He's gay tooüåö","lgbt|lgbtq|lgbtq+|gay|gays|lesbian|lesbians|transgender|transgenders",,"community_random_single","1,08443014918829E+018","1,05758680564045E+018","Pedro"
1205,0,"And this is what people are supposed to treat with kids glove. These are the people who should be given space to share their opinion without any push back. Someone that thinks advocating for the rights of trans people is dividing the LGBT community. Really? Which LGBT community?","lgbt|lgbtq|lgbtq+|gay|gays|lesbian|lesbians|transgender|transgenders",,"community_random_single","1,40588479421547E+018","9,1243950450559E+017","Pedro"
1223,0,"RT @ilovebigtits_: so sexy #lesbian http://t.co/Dnt7CWmI","lgbt|lgbtq|lgbtq+|gay|gays|lesbian|lesbians|transgender|transgenders",,"community_random_single","2,87100764072071E+017",796858422,"Pedro"
1200,1,"So satan was all alone in the garden of Eden with naked Eve and all he could do was convince her to eat an Apple. That Nigga Gay?!!‚ò∫","lgbt|lgbtq|lgbtq+|gay|gays|lesbian|lesbians|transgender|transgenders",,"community_random_single","5,71351759890862E+017",512314686,"Pedro"
1201,0,"RT @iDavey: I promise you gay people don't care what the fuck straights are doing.
But straights are CONSTANTLY in our business. Constantly.","lgbt|lgbtq|lgbtq+|gay|gays|lesbian|lesbians|transgender|transgenders",,"community_random_single","1,32338792251989E+018","1,13556227514058E+018","Pedro"
1208,0,"RT @MesterTola: ANTI-GAY LAW FALLOUT: Canadian Government Cancels President Jonathan‚Äôs State Visit http://t.co/GQL5mfFMBa","lgbt|lgbtq|lgbtq+|gay|gays|lesbian|lesbians|transgender|transgenders",,"community_random_single","4,25019141385638E+017",1620791486,"Pedro"
1194,0,"@thealvinboss @__Readone @OfficialRdunt Yea pessi and the coach, they probably got some secret Argentina gay thing going on","lgbt|lgbtq|lgbtq+|gay|gays|lesbian|lesbians|transgender|transgenders",,"community_random_single","1,46737850744145E+018","9,31191818397667E+017","Pedro"
1204,0,"@PremiumTimesng ARE YOU IN NEED OF A RICH WEALTHY SUGAR MUMMY/SUGAR DADDY/GAY AND LESBIAN PARTNER ANYWHERE IN NIGERIA,WHATSAPP ME, +2348138108077..","lgbt|lgbtq|lgbtq+|gay|gays|lesbian|lesbians|transgender|transgenders",,"community_random_single","8,77962278729122E+017","8,58384371841192E+017","Pedro"
1186,0,"RT @amirijeanbandit: Lil Nas X : I‚Äôm gay 

Y‚Äôall when he do some gay: https://t.co/RCQfKRB58w","lgbt|lgbtq|lgbtq+|gay|gays|lesbian|lesbians|transgender|transgenders",,"community_random_single","1,32244968019902E+018","1,10791189019641E+018","Pedro"
249,3,"@IsaTochukwu Nwannne.... Ibu ezigbote bastard.... U better as an atheist than muslim....... Nwanne.... Ibu ezigbote akpa amu aturu","muslim|muslims|islam|islamic","bastard|bastards","hate_tweets_eng_single","1,35377134835984E+018","1,05845159961655E+018","Pedro"
310,1,"@rafiabousalhab @TheNotoriousMMA He don't..he just talks too much plus he going to be in dubai the whole Ramadan, he needs to say that shit so he doesn't look like a dumb fuck that he is around Muslims..","muslim|muslims|islam|islamic","dumb|dumb","hate_tweets_eng_single","1,38191375760615E+018","7,73982985062347E+017","Pedro"
74,1,"@Iamigweleonard @channelstv Meaning if they were muslims which for now i can't say u did be happy idiots","muslim|muslims|islam|islamic","idiot|idiots","hate_tweets_eng_single","1,38572369438802E+018",1313984042,"Pedro"
442,0,"You ar the biggest Liar... All your comments are baseless and couses of Chaos to our beloved nation.... It is clearly clear that those guys are fighting for their selfish interests not for Muslims and 99% BH victims ar Muslims but u like to creat hatred among us https://t.co/rAeHU4mKlS","muslim|muslims|islam|islamic","liar|liars","hate_tweets_eng_single","1,22474104271874E+018",390197103,"Pedro"
706,0,"RT @ubmuiu: Islam isn't at a primitive stage, it's actually going through its most important stage in its history. World is in desperate ...","muslim|muslims|islam|islamic","primitive|primitives","hate_tweets_eng_single","3,1632450959666E+017",317319865,"Pedro"
704,2,"@Soji_Traviz @kentaDedachi @FS_Yusuf_ @DavidHundeyin See I am not even a religious  person, but note that not all religions ate the same relative to other religions islam is a scourge on the human race! It only teaches and advocates for the destruction of others and also the establishment of a primitive society I.e. shariaü§ù","muslim|muslims|islam|islamic","primitive|primitives","hate_tweets_eng_single","1,38533774559855E+018","9,14579875272565E+017","Pedro"
644,0,"We condemn every actions and in actions of rape against anyone and moreso our own. It is very important that every Muslim community and platforms educate and inform both genders how horrible sexual assault and rape is.
#JusticeForBarakat #Wearetired","muslim|muslims|islam|islamic","rape|rapes|raping","hate_tweets_eng_single","1,2692748247168E+018","1,04572402817719E+018","Pedro"
375,3,"RT @Hyperddeen: April bull shit dnt celebrate anytin is useless nd lies, lies is haram in islam so becareful wit yahud nd nasara."" http://t‚Ä¶","muslim|muslims|islam|islamic","shit|shits","hate_tweets_eng_single","4,66342409157476E+017",2529121071,"Pedro"
379,0,"@jeyleekrane All this groups alqeada ,isis,bolo Haram all are groups with that pretend to be Muslim but they re mostly unbebealivers they just use the name of Islam nd do what ever shit they like","muslim|muslims|islam|islamic","shit|shits","hate_tweets_eng_single","1,29312752720089E+018","1,19642231113558E+018","Pedro"
571,0,"RT @pali_xox: Wow Muslim men really be wearing shorts above their knees??? Smh sluts.","muslim|muslims|islam|islamic","slut|sluts","hate_tweets_eng_single","1,04671559536918E+018",385993097,"Pedro"
570,0,"RT!! Photos: Muslim street preacher calls fellow Muslim 'prostitute, Satan and a slut' for w... https://t.co/TTDMyOK5nL via@Newsalert NG","muslim|muslims|islam|islamic","slut|sluts","hate_tweets_eng_single","7,73489164377436E+017",572225203,"Pedro"
7,0,"@MobilePunch Mmmccchheewwww stupid question. Do u need to b a Muslim to invest??? No. Our Mumu na die for Naija","muslim|muslims|islam|islamic","stupid","hate_tweets_eng_single","9,10524218550432E+017",211425871,"Pedro"
673,0,"That is a good development cos the regime is vulture ""@THISDAYLIVE: Islamic States Set to Suspend Syria from OIC http://t.co/9Dddc2Rf""","muslim|muslims|islam|islamic","vulture|vultures","hate_tweets_eng_single","2,35675662080418E+017",634741601,"Pedro"
894,0,"RT @BuniMedia: from right: Head of Islamic Development Bank's Regional Hub, Istanbul Mr Jelassi, Head of ISDB PPP Division Mr Nouman Siddiq‚Ä¶","muslim|muslims|islam|islamic",,"community_random_single","1,19024016242656E+018",152357188,"Pedro"
903,0,"Happy celebration to all our Muslim customers üòÄ
.
.
.
.
.
#sweetpeaedibles #sweetcakesng #sweetpeatrainings #eidmubarak #ramadankareem #muslimholiday #food #drink #party https://t.co/bxRcPpFSUS https://t.co/Ho9GM4FnEp","muslim|muslims|islam|islamic",,"community_random_single","1,00757156666487E+018",1759875463,"Pedro"
907,0,"RT @MyAbdool: Dear Muslims,

‚ÄúDu‚Äôahs can change Qadr‚Äù

So,
- Never give up in making du‚Äôahs
- Believe in Du‚Äôahs
- Be frequent about it

(Ib‚Ä¶","muslim|muslims|islam|islamic",,"community_random_single","1,37834314393498E+018",2767355746,"Pedro"
888,0,"RT @CraigCons: Look at what we have here. Islam standing for peace, tolerance &amp; love. This verse gives Islamophobes real headaches. https:/‚Ä¶","muslim|muslims|islam|islamic",,"community_random_single","6,75679777727099E+017",3399445498,"Pedro"
922,0,"Say: ""In the Bounty of Allah, and in His Mercy (i.e. Islam and the Quran); -therein let them http://t.co/ZgDDEMV 10:58 #Quran","muslim|muslims|islam|islamic",,"community_random_single","2,33402513385218E+017",286676933,"Pedro"
891,0,"RT @____PARROT: The ummah is in a state that when a Muslim sees another Muslim praying their 5 daily prayers they say when did you become s‚Ä¶","muslim|muslims|islam|islamic",,"community_random_single","1,37762074063216E+018","1,1848487334958E+018","Pedro"
908,0,"RT @RealOilsheikh: Congratulations to our sister Halima Buba for the tireless efforts of bringing to fruition another Non-Interest Islamic‚Ä¶","muslim|muslims|islam|islamic",,"community_random_single","1,15050758224055E+018",456919320,"Pedro"
909,0,"@babymaiteee Oh Allah pick us up when we fall put the piece back together when we are broken and protect us always Ameeenn #life# #Islam# https://t.co/STiYSLoLDa","muslim|muslims|islam|islamic",,"community_random_single","1,14468870537602E+018","8,1240556634991E+017","Pedro"
898,0,"RT @DailyHadiths: The Prophet said: ""A muslim does not regularly attend the mosques to perform prayer and remember Allah, but Allah feels h‚Ä¶","muslim|muslims|islam|islamic",,"community_random_single","1,11430337004561E+018",3395452353,"Pedro"
906,0,"Established to disseminate Islam's values, are matters upon which the believers need to reflect.""","muslim|muslims|islam|islamic",,"community_random_single","3,27872749932532E+017",1173242030,"Pedro"
787,3,"Kpele oo akwa ibom ambassador,wey they help all northerners signup üòÇüòÇüòÇAuthorized akwa baboon ü¶ç https://t.co/pAhvtfhPLM","northern|northerner|northerners|arewa|almajiri","baboon|baboons","hate_tweets_eng_single","1,25913735554343E+018","1,2144644584557E+018","Pedro"
595,0,"@MFaarees_ üòÇüòÇüòÇüòÇ. no worry buhari imcompetence plenty e go reach every body. so u get mind want us to support u. ur thugs stabbed my friend and arewa twitter was celebrating. karma is a babd bad bitch","northern|northerner|northerners|arewa|almajiri","bitch|bitches","hate_tweets_eng_single","1,33295225340634E+018","1,26058641553402E+018","Pedro"
740,0,"The a$$ behind the handle üòä.
This was what Timaya meant when he sang 'Bum Bum'.
*
*
#backtoschool #DojaCat #Arewa #arewatwitterconnect #arewatotheworld Suarez Amy Cooper Karen African American.

I follow back. https://t.co/Xn5t9BZvUt","northern|northerner|northerners|arewa|almajiri","bum|bums","hate_tweets_eng_single","1,2652397786829E+018","1,26486228524541E+018","Pedro"
739,3,"I original skipped this post but going back to the comments.. if I was in the north this arewa people would have killed me... Ordinary low back cos apart from the low back nothing else... Me wey go observe salat finish only to wear bum shorts up and down the area... Ani e gba dun https://t.co/1oYa8eREWF","northern|northerner|northerners|arewa|almajiri","bum|bums","hate_tweets_eng_single","1,32316419821447E+018",353379102,"Pedro"
815,3,"@MakwarariBala @Rahma_sadau Rahama to arewa twitter :‚ÄùI get coconut head I no Dey heya word‚Äù ü§£ü§£ü§£ü§£","northern|northerner|northerners|arewa|almajiri","coconut head|coconut heads","hate_tweets_eng_single","1,34831988240491E+018","9,79630451370463E+017","Pedro"
818,3,"@n6oflife6 I often wonder what source they do get their information from, My mom told me polio did those Arewa peppa dirty back in the days until the vaccine came around. Them get coconut head for that place","northern|northerner|northerners|arewa|almajiri","coconut head|coconut heads","hate_tweets_eng_single","1,35613762926432E+018",2737620456,"Pedro"
345,0,"Y‚Äôall want Arewa people‚Äôs support? Just stop with the insults and disgusting comments. Calling them dumb and all sort of names is not cool, educate them instead.","northern|northerner|northerners|arewa|almajiri","disgusting","hate_tweets_eng_single","1,31919496304601E+018",2480566688,"Pedro"
349,3,"@Denzelsunday @umnas001 @Imamofpeace @IDF @UN @realDonaldTrump @SecPompeo I wonder the kind human being that gave birth to all this northerners! Some of their brothers and sisters are being slaughtered like a fowl by Boko Haram and still you see most of them defending Buhari and Boko Haram! Such a disgusting Tribe!","northern|northerner|northerners|arewa|almajiri","disgusting","hate_tweets_eng_single","1,28000613472053E+018","1,16259556935066E+018","Pedro"
171,2,"@BashirAhmaad You are a stupid man sir. Is Buhari himself not a coupist? Did he not threatened that the dog and the baboon will soaked in blood? You northerners are hypocrites!!","northern|northerner|northerners|arewa|almajiri","dog|dogs","hate_tweets_eng_single","1,34397487022546E+018",191178764,"Pedro"
494,0,"@renoomokri Northern politicians know what they are doing. They can't fool us any more","northern|northerner|northerners|arewa|almajiri","fool|fools","hate_tweets_eng_single","1,23942677602525E+018","8,77258495309091E+017","Pedro"
78,1,"@HassanBalaKanam @tesseract___ Na only God will punish this almajiri and janjaweed idiot. Have you asked your parents why the north is the poverty capital of Nigeria? Have you asked your parents why you people are backward in everything.#BuhariMustGo","northern|northerner|northerners|arewa|almajiri","idiot|idiots","hate_tweets_eng_single","1,31849418697129E+018",3891535402,"Pedro"
443,0,"Iffa tell you say I no dey bewildered and bemused at this Northern Culture, I be liar! 
Na this Sharia law application even in a Federal setting been won make me challenge Camp Commandant director for Kastina Orientation Camp!
Abeg the divide between us and this people much! https://t.co/dwxhbCJziW","northern|northerner|northerners|arewa|almajiri","liar|liars","hate_tweets_eng_single","1,3261358855078E+018",1682767903,"Pedro"
444,3,"This ignorant and amateur liar thinks that Nigerians are as ignorant as their almajiri followers, and can not read in between the lines. U begged them to stop kidnapping, they told u why they are kidnapping, and gave u a condition that u must meet before they will stop, and u are","northern|northerner|northerners|arewa|almajiri","liar|liars","hate_tweets_eng_single","1,12567093536802E+018","9,18144127212147E+017","Pedro"
50,0,"Them don air this babe, she go join ""Men are scum gang very fast""

#valentinesday2021 #sundayvibes #ValentinesDay #valentines Martinez Messi President #mrmacaroni Arewa #Rihanna Usman Naomi Oyo State #NeoInSisterRose #EndSARS #Lekkitollgate Miyetti Allah https://t.co/KQbZGvQEKz","northern|northerner|northerners|arewa|almajiri","scum|scums","hate_tweets_eng_single","1,36092997913611E+018","1,1945730540112E+018","Pedro"
212,0,"@LagosTalks913 that's how useless ppl slept in open air outside my hotel last weekend in abj. They came all the way from one northern state to support one useless man wey wan be president","northern|northerner|northerners|arewa|almajiri","useless","hate_tweets_eng_single","9,40272080972669E+017",1237552621,"Pedro"
211,3,"Presidency To Northern Youths : Thank your stars we are in democracy, 

Me : Useless Govt maybe If not for Democracy you will kill them as you did to IPOB https://t.co/y4cIk8Pews","northern|northerner|northerners|arewa|almajiri","useless","hate_tweets_eng_single","1,27295474499946E+018","1,11842213324225E+018","Pedro"
626,3,"@BlessedWithout @Brightsmithjnr1 @oba2311 Whore, one of d youths I mentor Does he look  like  a criminal ?  Ur  dad and mum lived a useless life , that same path u re today, reason ur life is that of  e-rat and twitter almajiri  so that u will be able to feed .  Wait o, has ur poor parent pay their ONE ROOM RENTAGE ? https://t.co/IHXfKxEZqB","northern|northerner|northerners|arewa|almajiri","whore|whores","hate_tweets_eng_single","1,12779014785511E+018","9,95117184631394E+017","Pedro"
927,0,"RT @MalachyOdo1: Northern Governors meet almost every month and come out with resolutions we sometimes detest but Nigeria usually moves on‚Ä¶","northern|northerner|northerners|arewa|almajiri",,"community_random_single","1,39458365056666E+018",552710317,"Pedro"
937,0,"RT @julietkego: I hope people will not pretend not to see and hear that since yesterday, many Northern elite have roundly/vocally condemned‚Ä¶","northern|northerner|northerners|arewa|almajiri",,"community_random_single","8,72495934395077E+017",1236055536,"Pedro"
928,0,"Arewa top news: An kama masu shirin kai wa musulmai hari a Amurka https://t.co/4EDQ4Y814H","northern|northerner|northerners|arewa|almajiri",,"community_random_single","1,08805802738578E+018",2431107419,"Pedro"
958,0,"RT @MobilePunch: Arewa, Ohanaeze youths, others meet, say Buhari has failed
https://t.co/DmSk2bnpYP https://t.co/Kx7Od8yaFK","northern|northerner|northerners|arewa|almajiri",,"community_random_single","9,78939379631771E+017",2655998899,"Pedro"
949,0,"Simon Lalong emerges as Chairman of Northern Governors Forum ‚Äì Daily Trust https://t.co/MbQeCFMuOr","northern|northerner|northerners|arewa|almajiri",,"community_random_single","1,12946502994909E+018",297442013,"Pedro"
965,0,"RT @AM_Saleeem: At this juncture, we can now all agree that their hatred and bigotry is not for Northerners, Almajiri or Aboki but for ISLA‚Ä¶","northern|northerner|northerners|arewa|almajiri",,"community_random_single","1,2509661583895E+018",2749045605,"Pedro"
934,0,"RT @thecableng: Kukah: There could have been coup if a non-northern president practised nepotism like @MBuhari | TheCable https://t.co/b5i9‚Ä¶","northern|northerner|northerners|arewa|almajiri",,"community_random_single","1,3427206381051E+018",316258196,"Pedro"
938,0,"RT @Waspapping_: Arewa twitter will never be the same without Dadiyata. It misses him so bad. You could see that with every passing day. It‚Ä¶","northern|northerner|northerners|arewa|almajiri",,"community_random_single","1,20045646786793E+018","8,95941433751941E+017","Pedro"
790,0,"A lot of southerners in the north are returning home for fear of dogs and baboons that will be soaked in blood as Buhari promised@2015.","southern|southerner|southerners","baboon|baboons","hate_tweets_eng_single","5,60166164173976E+017",2221631397,"Pedro"
598,1,"@Asemero1011 @I_Am_marwa To hell with u son of a bitch.!! Never insult Buhari here, if u dare to, go and insult his at front of ur fada or ur fucking moda, and u say u r pure southern blood, who cares..? No matter Wat you'll die and become food to those things dat I'll not even set ma eye on dem, better","southern|southerner|southerners","bitch|bitches","hate_tweets_eng_single","1,01212109346382E+018",3818900416,"Pedro"
596,0,"@Mukib_ same as those who wiped out 800 lives in agatu..... Need I talk of southern kaduna... Karma is a bitch","southern|southerner|southerners","bitch|bitches","hate_tweets_eng_single","8,40935130617246E+017","7,1337462258722E+017","Pedro"
122,0,"@TiborPNagyJr Your Excellency, we didn't defeat anyone. In fact, it's our Nakba. These evil Woyanes forced 100k Southern Ethiopian boys (Non-Tigrians) to march forward in par with 1st world war. The Eritreans killed our boys like cockroaches. It's pure Genocide. No one is talking about it. https://t.co/lEPDU2WbBx","southern|southerner|southerners","cockroach|cockroaches","hate_tweets_eng_single","1,39740945339412E+018","1,11545097231732E+018","Pedro"
819,0,"All these southern senators and honourables keeping mute while all this rubbish is going on should remember that this coconut head generation doesn't forget.
üó£Ô∏è","southern|southerner|southerners","coconut head|coconut heads","hate_tweets_eng_single","1,40123406466178E+018","1,29539607043707E+018","Pedro"
173,0,"RT @ijawsingleforum: Southern Ijaw LGA Foropah bassan clan.

Domestic animals
Fowl...Ofoni
Dog...Obiri
Cat....Posi/Ologbo
Rat....Okei 
Pig.‚Ä¶","southern|southerner|southerners","dog|dogs","hate_tweets_eng_single","1,30589307091179E+018",1696184420,"Pedro"
172,3,"#listeningto ""Earl Klugh, Southern Dog"" http://bit.ly/jbTvC1","southern|southerner|southerners","dog|dogs","hate_tweets_eng_single","7,5373677524435E+016",159456402,"Pedro"
447,0,"@HAHayatu @quinlateefa @elrufai Well,the gory images of death that came out of Southern Kaduna was and is not politics,the man is a bigot,liar and deceiver, period.","southern|southerner|southerners","liar|liars","hate_tweets_eng_single","1,37062553658268E+018","1,08344257530499E+018","Pedro"
151,3,"@SaharaReporters Shame on southern slaves who give these bastards the guts to keep on doing reaping from where they did not sow. It's time we leave these parasites and face the enemies among us. Their ignorance, selfishness and greed are threats to the survival of the south.","southern|southerner|southerners","parasite|parasites","hate_tweets_eng_single","1,4077790281159E+018","8,99334144999789E+017","Pedro"
150,0,"@NinaMeelah @gago_jnr @Flexiblexxx see,its nt about north or southern way of sexuality,its all about human nature,our wants are insatiable,dat makes us a breading slefish parasite,this is about humanity in all,we should just try to save ourselves cuz this world is already beond saving,may ALLAH c us thruü§≤","southern|southerner|southerners","parasite|parasites","hate_tweets_eng_single","1,3853455123296E+018","1,04146261470081E+018","Pedro"
710,3,"@SaharaReporters Just lookat the kinda very primitive nomads Britain merged Southerners with, a people with primordial mindset.","southern|southerner|southerners","primitive|primitives","hate_tweets_eng_single","1,39273548466586E+018",320722426,"Pedro"
711,0,"@nahbins @casmir_uzoma @Hafiz25023187 @SaharaReporters elites will never solve your problem just keep on with your primitive way of approach, you ban alcohol in your state but tomorrow if a Southern governor ban open grazing, hope you won‚Äôt cry out, since every state has the right to decide what suit them now ü§∑‚Äç‚ôÇÔ∏èü§∑‚Äç‚ôÇÔ∏è","southern|southerner|southerners","primitive|primitives","hate_tweets_eng_single","1,39429863087877E+018",239872759,"Pedro"
14,0,"@SaharaReporters @GarShehu The stupid Garba Ewu should respect southern governors and respect the peoples decisions too.","southern|southerner|southerners","stupid","hate_tweets_eng_single","1,39759718210721E+018","1,164640852721E+018","Pedro"
12,1,"River state is d most foolish n stupid state in Nigeria intens of election.Foolish politicians with foolish people living in a foolish land, I regret being a southerner.Continue killing urselves fools.","southern|southerner|southerners","stupid","hate_tweets_eng_single","1,10509147272089E+018","1,09326430308654E+018","Pedro"
218,3,"The kind of wickedness that a lot of cultures in Southern Nigeria mete against widows eh! Those ones suppose end up for the last chamber of Dante‚Äôs inferno. In the name of one useless culture 
#SoroSoke","southern|southerner|southerners","useless","hate_tweets_eng_single","1,33224145274371E+018","7,41970843878724E+017","Pedro"
982,0,"RT @SKefason: Wow!
Well done @BoyCalledMun, your lyrics are mind-blowing revealing the reality we face as a people in Southern Kaduna.
#Sou‚Ä¶","southern|southerner|southerners",,"community_random_single","1,26859707790857E+018","1,07331469492714E+018","Pedro"
1003,0,"RT @seyiamakinde: Today, we attended the meeting of Southern States‚Äô Governors in Delta State. We discussed various national issues includi‚Ä¶","southern|southerner|southerners",,"community_random_single","1,39224491782987E+018",212795249,"Pedro"
981,0,"@TosinOlugbenga A heart that wasn't shattered at the cruel scenes of people beheaded in Southern Kaduna...Hypocrisy at its peak. God sees.","southern|southerner|southerners",,"community_random_single","1,29101149973806E+018",2766970463,"Pedro"
988,0,"#SoutherN HospitalitY :)","southern|southerner|southerners",,"community_random_single","3,2520780256383E+016",141323410,"Pedro"
968,0,"RT @fomax112: @Naija_PR @ayemojubar Southern Nigeria, keep shouting one nation. Very soon your eyes will be more clearer.

https://t.co/jhP‚Ä¶","southern|southerner|southerners",,"community_random_single","1,42738588825492E+018",1379612293,"Pedro"
802,3,"""@urchbilz: Female baboon""@durubelle: @urchbilz ""@Questionnier: Cc someone who is shorter than you? #QnA""""""short frog","women|woman|girl|girls|female|females","baboon|baboons","hate_tweets_eng_single","3,81806401041211E+017",209607646,"Pedro"
611,1,"RT @TedOfficialPage: No female wants to be called a bitch, but once you put ""bad"" in front of it, these hoes feel honored.","women|woman|girl|girls|female|females","bitch|bitches","hate_tweets_eng_single","3,02737002846097E+017",404234933,"Pedro"
754,0,"Girls that wear bum short.. Have special place in Heaven. üòçüòçüòçüòç","women|woman|girl|girls|female|females","bum|bums","hate_tweets_eng_single","8,87916556830769E+017",2171740387,"Pedro"
753,0,"RT @Ojay_B: Nothing I love more than a woman that can shapeshift.

Going from a beautiful bum to a regal queen in a split second.","women|woman|girl|girls|female|females","bum|bums","hate_tweets_eng_single","1,34892891282756E+018",928369904,"Pedro"
134,0,"RT @duchess_of_oau: If you think I am scared of a cockroach, ant, rat or something as a female, that I will runaway whenever I see one, the‚Ä¶","women|woman|girl|girls|female|females","cockroach|cockroaches","hate_tweets_eng_single","1,3668266064095E+018","1,26881087786573E+018","Pedro"
360,2,"@Gistloversblog1 What a disgusting thing, upon how plenty girls are in the society today then someone choose to be having man to man sex. Chai ü§¶","women|woman|girl|girls|female|females","disgusting","hate_tweets_eng_single","1,35447383633554E+018","9,534913822027E+017","Pedro"
194,0,"@Sonjoe_Kutuh @mickybabz @Dehkunle @colomental_ @Tife_fabunmi @Nobodyexx @Kinglamarr___ @waxzyy_ @BigMan_Xander @Alex_Houseof308 @AsiwajuLerry @Views09 How will one girl kill a dog
Signs of end time I see","women|woman|girl|girls|female|females","dog|dogs","hate_tweets_eng_single","1,24420632309439E+018",1160164430,"Pedro"
193,0,"FEMALE AND THEIR WAHALA
1. Female dogs become so wicked when they give birth.
2. Female chickens chase people... http://t.co/yYnyfvwaxV","women|woman|girl|girls|female|females","dog|dogs","hate_tweets_eng_single","5,82963336733659E+017",2472941944,"Pedro"
195,0,"@kody_antle @DeanSchneiderPG They‚Äôre cute and all, especially the white chubby one beht I draw the line at dogs üòÇ tori a baby girls skin is too soft","women|woman|girl|girls|female|females","dog|dogs","hate_tweets_eng_single","1,39391448731766E+018",967454274,"Pedro"
197,1,"RT @alpharivelino: Men love dogs because dogs are cheerful, obedient and loyal. Women love cats because cats are aloof, mysterious and arro‚Ä¶","women|woman|girl|girls|female|females","dog|dogs","hate_tweets_eng_single","1,38063392902421E+018",1318916497,"Pedro"
330,0,"Behind every beautiful girl there is a dumb ass guy who did her wrong and made  her to be strong","women|woman|girl|girls|female|females","dumb|dumb","hate_tweets_eng_single","3,83258538073932E+017",239732492,"Pedro"
101,0,"@DoctorEmto That girls hair will never grow again,  and idiots are talking about a slap.","women|woman|girl|girls|female|females","idiot|idiots","hate_tweets_eng_single","1,3945794503067E+018","9,57388301727609E+017","Pedro"
463,0,"@toolzbeib Liar Hard girl hard girl you don open Toto üòÇüòÇüòÇ","women|woman|girl|girls|female|females","liar|liars","hate_tweets_eng_single","1,34937243698744E+018","9,05023517137261E+017","Pedro"
465,0,"RT @spicykheemy: Lmao""@GbagaunSpotter: Gbagaun sha ""@a_fusigboye: if any girl calls a boy a liar she must be mad Cuz girls liar every se ...","women|woman|girl|girls|female|females","liar|liars","hate_tweets_eng_single","2,76270291062231E+017",264140486,"Pedro"
662,0,"SHOCKING: Mallam Rapes 17-Year Old Girl, Shaves Her Pubic Hair For Rituals http://t.co/CFFhZ0gL2L via @sharethis","women|woman|girl|girls|female|females","rape|rapes|raping","hate_tweets_eng_single","3,9270712133199E+017",1846027958,"Pedro"
659,0,"RT @nypost: Man tries to rape woman on Midtown sidewalk https://t.co/nuvRQHzWpN https://t.co/eo90DPWdoS","women|woman|girl|girls|female|females","rape|rapes|raping","hate_tweets_eng_single","1,40178348316135E+018",753509592,"Pedro"
658,0,"@Gunter_fol @Tee_Sleek Rape by her husband ? Nah! not under Nigerian law. It is believed that the woman has given implied general consent upon entering the marriage contract. But he can be sued for something else","women|woman|girl|girls|female|females","rape|rapes|raping","hate_tweets_eng_single","1,14603119802577E+018","1,13202160898879E+018","Pedro"
657,0,"40year HIV Man Remanded In Prison For Allegedly Raping A 14year Old¬†Girl https://t.co/owuU4fP8X0 https://t.co/2JUCNFVRHN","women|woman|girl|girls|female|females","rape|rapes|raping","hate_tweets_eng_single","1,14969721926997E+018",581785523,"Pedro"
64,2,"@uncool_seun @Ctianah1 @LuLu4presido Women are scum üòÖüòÖüòÖ","women|woman|girl|girls|female|females","scum|scums","hate_tweets_eng_single","1,30624509088568E+018",446281620,"Pedro"
66,2,"RT @Itz_gabby65: @MarquizDejavex @blvck_Witch @Jnr_elnino Awon 'men are scum' will not remember that most women and girl are demons...","women|woman|girl|girls|female|females","scum|scums","hate_tweets_eng_single","1,25631221739951E+018",3420190041,"Pedro"
65,0,"Men are Scum! Men are Scum!  Why are women still buying attraction oil, so you all want to attract scum bags abi?","women|woman|girl|girls|female|females","scum|scums","hate_tweets_eng_single","1,27183107493138E+018",2270313491,"Pedro"
401,1,"@djsheylex Some dumb ass girls will think this is real shit pfff...like wtf that's a balloon and she let all the air out don't be decive guys pls don't be decive 

Ladies don't kill ursef takin a big dick in cus ah that's a huge lie
Best 2020 trick HV ever seen 
@Pornhub hope y'all can see","women|woman|girl|girls|female|females","shit|shits","hate_tweets_eng_single","1,21781129533395E+018","1,08132856724031E+018","Pedro"
28,1,"Foolish talk""@Proud_EkitiGirl: You're just stupid b ""@OMG_itz_Henny: Females bleed for 5-7 days once a month and still be alive that's some","women|woman|girl|girls|female|females","stupid","hate_tweets_eng_single","4,48945437392003E+017",2157683463,"Pedro"
235,2,"@vanguardngrnews @OfficialPDPNig @OfficialAPCNg @Laurestar @NGRPresident @MBuhari @BuhariCentre @aishambuhari Useless women is calling PDP useless party.
I don't know how I should've discribed this woman who is drinking Bear and Pam wine at in the public... Google the useless women picture drinking Alcoholic substance in public.
She must have drinks again when she made this comment.","women|woman|girl|girls|female|females","useless","hate_tweets_eng_single","1,12283975178092E+018",1615334150,"Pedro"
236,3,"@Tife_fabunmi Pls don't put the blame on him...the girls are to be blamed
Why will someone threaten me on live video assuming we met face to face that on is different...buh live video the girls sef won do am no,na Dem useless there selves
Mo jeri arami","women|woman|girl|girls|female|females","useless","hate_tweets_eng_single","1,25212255132685E+018","1,24275132141926E+018","Pedro"
690,0,"RT @peacefmonline: SAD-STORY--PHOTO-Of-A-Vulture-Waiting-For-A-Starving-Sudanese-Girl-To-Die-So-It-Can-Feast-On-Her https://t.co/sn8kkbILyn‚Ä¶","women|woman|girl|girls|female|females","vulture|vultures","hate_tweets_eng_single","1,21967925252369E+018","1,0177639592844E+018","Pedro"
634,3,"RT @sommbonu: We keep saying ""all women are whores &amp; only money keeps them happy"". We forget our little girls hear this from us and believe‚Ä¶","women|woman|girl|girls|female|females","whore|whores","hate_tweets_eng_single","3,50610902782972E+017",295984750,"Pedro"
632,1,"Did TBoss just called  Gifty a second bitch wen she is d real whore in d house huh...you are the real bitch girl gift is better  #BBNaija","women|woman|girl|girls|female|females","whore|whores","hate_tweets_eng_single","8,26702941268619E+017","8,08230889423573E+017","Pedro"
1183,0,"RT @KraksTV: Drake: It's Quavo man, not Quefo

Tekno: Nna bros no vex, na that Cuppy girl confuse meüòÇüòÇüòÇ https://t.co/ORqgbW0vYt","women|woman|girl|girls|female|females",,"community_random_single","9,40685864186909E+017","8,29765586322391E+017","Pedro"
1157,0,"Have you heard about cervical cancer screening? It helps detect changes in your cervix before it becomes a full blown cancer. If you are a woman and you are sexually active, get screened as soon as possible. 
#cervicalcancer","women|woman|girl|girls|female|females",,"community_random_single","1,35994831021634E+018","1,24176408241345E+018","Pedro"
1154,0,"But i am tired of Sabrina and Calvin situation. I really am. The time Tyler P wasted on their situation should have been better spent building on Aaron and Karen's relationship. We have seen a woman build up a man too many times. When'll we see a man hold up a woman? #SistasOnBET","women|woman|girl|girls|female|females",,"community_random_single","1,3599666276018E+018","9,27281484108415E+017","Pedro"
1159,0,"Notorious Phone Thief Stabs Woman To Death In Abuja ¬ª More Naija https://t.co/zZtPvxk8Ry

A 20-year-old phone thief identified as Danladi Abubakar has been arrested for stabbing a yet-to-be-identified woman after snatching her phone at Kasuwa-Dere in the Gwagwalada area of the ‚Ä¶","women|woman|girl|girls|female|females",,"community_random_single","1,40690633675598E+018","1,31316127348861E+018","Pedro"
1170,0,"RT @Austine_Inspire: Exact from the just concluded Exclusive Valentine special for singles and married ladies.

-
A woman is not an after t‚Ä¶","women|woman|girl|girls|female|females",,"community_random_single","1,22909921835636E+018","9,11489319449264E+017","Pedro"
1140,0,"RT @StarGirlDaily: Erica with her Star Girl Keke üòÇ and stock certificate

Host @DENRELE_EDUN in the cut 

#HappyBirthdayErica https://t.co/‚Ä¶","women|woman|girl|girls|female|females",,"community_random_single","1,37077861057603E+018","1,2197175714041E+018","Pedro"
1142,0,"@Pearl38249710 @itsLaycon Yo boss Rita, I made a video asking girls why they FRIENDZONE guys. My only request is you help me drop a like on the video and subscribe. Thanks, it means a lot

https://t.co/Gm9FGLTam1","women|woman|girl|girls|female|females",,"community_random_single","1,35875921101082E+018",4577674313,"Pedro"
1151,1,"RT @xjesswalkerr: hot girls are born in may, june, july and august","women|woman|girl|girls|female|females",,"community_random_single","1,37063194123036E+018","1,19326457528783E+018","Pedro"
265,1,"@Nig_1stlastborn @olusogaowoeye Arindin omo Ale yoruba ni eleyi, Inu furo Buhari lo ngbe.... For non yoruba = this guy Lawal adebayo is a satisfied bastard and lives in Buhari's rectum... üôÑüòå","yoruba|yorubas","bastard|bastards","hate_tweets_eng_single","1,22312428966847E+018",330953009,"Pedro"
264,0,"@Ayooebun @willyyyy__ @sediinam Imagine  someone say olosho, omoale didirin in yourba (imagine all the yoruba expressions)
Then someone give you same expressions with whore,  bastard, imbecile. 
The message is passed.... But e no fit be like..........you get","yoruba|yorubas","bastard|bastards","hate_tweets_eng_single","1,2430688392414E+018","8,19361175427281E+017","Pedro"
125,0,"@dekunle_ib @Bams_Jnr @hashtag2weets @hay_whye @iamblobz @Kayomideee_ @Kingtanda @umar_ayotunde @OlabodeLA @mr_yolak @_Abdulquyum Wedding plans
Asoebi colour
Yoruba people: Cockroach brown,sunny yellow, onion purple,royal blue,dove white,tomato red, skyblue,teal green, 
Gonbordi wine,
Their own colours av names lol","yoruba|yorubas","cockroach|cockroaches","hate_tweets_eng_single","1,1638990541092E+018","1,11857111757533E+018","Pedro"
823,3,"Thinking about it, it‚Äôs always yoruba men showing me pepperüò≠ you will think i should have learnt abi?? Nope! I get coconut head.","yoruba|yorubas","coconut head|coconut heads","hate_tweets_eng_single","1,32648819871393E+018",347806124,"Pedro"
354,3,"RT @walecoker65: It is so disgusting and ridiculous to see Yoruba people among those downplaying the efforts of Sunday Igboho, what he need‚Ä¶","yoruba|yorubas","disgusting","hate_tweets_eng_single","1,37284251783046E+018",580677306,"Pedro"
181,0,"RT @YorubaDemon16: Who said dogs don‚Äôt understand Yoruba ?? üòÖ https://t.co/d0eQWrPNsF","yoruba|yorubas","dog|dogs","hate_tweets_eng_single","1,30327482593121E+018",628693889,"Pedro"
323,0,"@Bulamacartoons Dumb fool tagging Yoruba Yahoo..... Shey na OYINBO you dey fight for üôÑ,
Or OYINBO com complain for yr station.
Your clansmen that parade the whole country killing and kidnapping just because of cow.
U must be mentally derailled for posting this","yoruba|yorubas","dumb|dumb","hate_tweets_eng_single","1,35843622893324E+018","8,52777641102811E+017","Pedro"
501,3,"@bunmifasae @Isamaila_Gdk @Alaye_100 Such a Yoruba fool. FFK and Fayoshe go to any churches in the west to preach hate of any parties? You are a pig.","yoruba|yorubas","fool|fools","hate_tweets_eng_single","1,2899693983761E+018","1,24399077944352E+018","Pedro"
90,3,"@MobilePunch If Sunday talks some Yoruba idiot obas will come out and talk rubbish","yoruba|yorubas","idiot|idiots","hate_tweets_eng_single","1,37408643427409E+018",263126420,"Pedro"
717,0,"Miyetti Allah: Here are 9 things to know about the Group which says Yorubas are 'primitive'

https://t.co/38ovjdBZge

@TheOperaNewsNG
@OperaNewsHub
@OperaHubSupport https://t.co/5AjxM9NG9k","yoruba|yorubas","primitive|primitives","hate_tweets_eng_single","1,21966378222765E+018",1598343985,"Pedro"
651,0,"10 Yoruba Actors That Have Reacted To Baba Ijesha Rape Case ‚Äì Who Is The Wisest &amp; Who Is The Most Stupid? https://t.co/ukA1NOJRr5","yoruba|yorubas","rape|rapes|raping","hate_tweets_eng_single","1,38924085113465E+018","1,35120053624737E+018","Pedro"
395,0,"Looolll""@Cum2fiksy: Lolzz ""@toptennaija: ""Bull Shit"" is ""Igbe Malu"" in Yoruba!""""","yoruba|yorubas","shit|shits","hate_tweets_eng_single","2,37257063166775E+017",602655507,"Pedro"
227,1,"@EngrAbdoulay @vanguardngrnews You are a big fool useless lifeless animals ... We are Yorubas...  With human feelings .. Oloriburuku .. ogun go kill u ... Eranko","yoruba|yorubas","useless","hate_tweets_eng_single","1,36698209542858E+018",637323133,"Pedro"
629,2,"show me a typical yoruba gurl,and i'll show you a professional whore. point made.","yoruba|yorubas","whore|whores","hate_tweets_eng_single","3,51764099807453E+017",575339854,"Pedro"
1079,0,"@atiku So you speak Yoruba? Wow!","yoruba|yorubas",,"community_random_single","1,29896293887164E+018","1,24204394227687E+018","Pedro"
1096,0,"dayo,timi. N femi are just 3 yoruba names i like","yoruba|yorubas",,"community_random_single","4,07599742118425E+017",629702562,"Pedro"
1084,0,"@wetriumphstill @abbietayo @ojcruiz @ajhaykings @Day_veedd It‚Äôs called Ube in Yoruba land... perfectly goes with little salt","yoruba|yorubas",,"community_random_single","1,37813448655942E+018","1,05394451505105E+018","Pedro"
1090,0,"RT @Tife_fabunmi: Davido performed Assurance at the  Jimmy Kimmel show, to remind y‚Äôall again that Chioma is still No1 and that Yoruba men‚Ä¶","yoruba|yorubas",,"community_random_single","1,36706941604377E+018","1,34550172102446E+018","Pedro"
1094,0,"RT @_wonderboiii: Only Yoruba peeps will get thisüòÇüòÇüòÇ

#N100 #cryptocrash oshodi shekau https://t.co/5FcJ62mn4I","yoruba|yorubas",,"community_random_single","1,3953587778394E+018","1,2875550323012E+018","Pedro"
1064,0,"@YeleSowore @inecnigeria Someone that is trying to liberate Yoruba people,Look at the poor amount of follower he gotüòíüòíLike y‚Äôall ain‚Äôt suffering thereü§¶üèª","yoruba|yorubas",,"community_random_single","1,37143754038175E+018",419368601,"Pedro"
1072,0,"@Muhd_galadima @bukolasaraki It means Conquerer in Yoruba","yoruba|yorubas",,"community_random_single","1,09991705061569E+018",87932697,"Pedro"
1080,0,"RT @Prettypova: How many movies will yoruba actors do about Dagrin sef","yoruba|yorubas",,"community_random_single","3,30627054674514E+017",97242684,"Pedro"
1073,0,"RT @riquezah_ola: Sorry if you don't understand Yoruba
#ilorinprotest #EndSARS #SecureNorrh #BetterTogether #BETTERNIGERIA https://t.co/FMT‚Ä¶","yoruba|yorubas",,"community_random_single","1,31790664487817E+018","7,56440084451385E+017","Pedro"
1075,0,"NOLLYWOOD: Ajagungbale ‚Äì Latest Yoruba Movie 2017 Drama https://t.co/pI4uexr4cq https://t.co/o8Y4yXKK6R","yoruba|yorubas",,"community_random_single","9,37617361301058E+017","7,70268709550121E+017","Pedro"
1074,0,"This first Oba of Benin is Yoruba. https://t.co/E8T7GJdONj","yoruba|yorubas",,"community_random_single","1,44717928313116E+018","9,11159547275903E+017","Pedro"
1091,0,"@isholamd @DeleMomodu @RiikeIshola1 @RasaqAdisa67 @olusolade No Oba in Yoruba land has such right sir.  You can only give the one that represent your domain.","yoruba|yorubas",,"community_random_single","1,25412770933844E+018",143649759,"Pedro"
